label,comments
0,Wolqqa immo niyo
0,Tumaa gaasa  ta ishawu
1,Ne laafa asa
0,Wuuqqiyogee  nagara
0,Wonttonaassi minjjiyogaa meezeta
0,Issibaanne hiraysuwan  bayzzoppa
0,Mali malaara manddarees giida
1,Cinashshay  nemalaa demadasa buuqay  kinssay
1,Tuma nena dosiyoogaa keenaa exxaas
1,Kasseka gaayiya sarbbiya  asa malataasa
1,Laa xeeliyo wode payya asa malatasashin hagaa nuna cayssanawu yedday
0,Wolqqa immo niyo
0,Tumaa gaasa  ta ishawu
1,Ne laafa asa
0,Wuuqqiyogee  nagara
0,Wonttonaassi minjjiyogaa meezeta
0,Issibaanne hiraysuwan  bayzzoppa
0,Mali malaara manddarees giida
1,Cinashshay  nemalaa demadasa buuqay  kinssay
1,Tuma nena dosiyoogaa keenaa exxaas
1,Kasseka gaayiya sarbbiya  asa malataasa
1,Laa xeeliyo wode payya asa malatasashin hagaa nuna cayssanawu yedday
1,Xoossoo ayfee  kehaa be'o hekko hai''kka ha  laafa oosuwa oottay 
1,Ishawu neeni  pattenna  asa gidiyogaa eras
0,Laa hagee awa heeree?
0,Asa coo cayoppa
1,Som''uwaara  oshay
1,Tumu cinashsha ne
1,Laa ayba laafabaa hanay tayshawu? Hakko Xalahee xoossaa suntan
1,Goyiyagee
1,Maganxxay siiriyaara  yo niyo
1,Hagee goyichchideeyye
0,Tumaa odin lanccissiyaabi  baawa
0,Laafana haattay kanaa mees 
1,Cinashshay nenakka asa gaada Wolaytta cay metoy  baawa
1,Taani aybakka giikke neeni adan guuxxa
1, cinashshappe kehaka  
1,Xoossi nena hegaadan lafetto haakka ne guuttay
0,"Koyrotada mayuwa maya ne bola be""anawu koyiyyi baa"
1,Kokay ne eeyya asa
1,Hiyeeseena'ay nuunaara neeni mulekka laggetakka
1,Haakka  ne kana malay 
0,"Ne dabboti haniyobaa be""ayi ta ishawu"
1,Tuuyi Xalahiya kushiyan guulloy xayenna giida wonikka
1,Kasikka nu naati ammanttekketa dolomite
1,Kaysoy bullaalay qammi wuuqqaydda aqadasa
0,Ha giddon asan erettana giidi hayqqees
1,Hagee goppillay  waanichchidee  hagaassi yootiyabi baawee
1,Ha goyiya salggu malay I bawu awuppe yiidee?
0,Minna tayshawu azalloppa
0,Aayyiya nena yelu tayshawu!
0,"Yeletta, laa ne mala tawukka immo!"
0,Goobay oottada minna
0,Aayyiya yelu  inttena ubbaakka
1,Deree ha gooyiyagaa qachchekketii
0,Xoossay nuna  ubbaakka saro gatto matiichchida
0,Iitay bochchoppo nu naata
0,Harabay  xayoppe attin nuna  Gifaata bonchcho diggiyaabi baawa
0,Gifaataa Wolaytta deriya laytta laamiya baaliya ammanuwaara gattiyogee gamma gidenna
1,neyo ayiya awi baweye ha galijje haka xossa sunttani
1,ha akeki bayina tuniya awuppe yade 
1,yesusa sunttan cadetta hana kawushiya macca gidiyoga dogadeye 
1,xossayi neyo kiyiyosan gelisyosan haniyoba xayiso hana wanayi dere
1,neni macca asa anne woppu gada uttaga tuniya
1,hana tuke kettani ottena aguku dubbayen haku ha tuniya
1,ne malla lafaa asi bawa neni ayiba gidada o madayi ha sanitawu
1,ne donna kundada daka nenika asara lagettada asaa bollan hasayayi
1,diccopa haka ha shululutte
1,neyo nagarattene ha tunawu ha donani neni xosaa suntta xesiyode
1,kundanawu eqqada jamasa ha bawuttawu
1,ha wozzani bayinani co ordida bawuttawu woyigayi
1,damayi co qoppena yidaba hasayagoppa 
1,qoppennan daydda mizadani asa bollani hasayoppa 
1,damayi co qoppenan macca natta cayoppa
1,Mehee maata ma baada
0,Goobay haykka minna
0,Awudenne morkkiyassi kushiya immoppa
0,Minoy miixaa naagees 
1,Kanssay kariya kasennan hemettees
1,Laafay
1,Azallay 
1,Wonikka inttesoy otoro danddayekketa suuppati
1,wolayttati wonikka otoruwawu  iita 
1,Say guuttaa  zaarikko danddayettekketa biitta gido inttiyo 
1,Kace kiya gin goyna gidoppa ane
0,Minnidi oottiday kallidi mees
0,Gamma  gaakadasa tayshaw awudenne asa ammanettoppa
1,Ha bukkanaaniya iraa malatiya xumay waanii
1,Ne doonay xinqqees taakko shiiqoppa
1,Inttiyo zigirssappe hara oosoy baawee haakkite
1,"Ayssi ne bawu  lo""ennabaa hanay awunne gakkakka"
1,Asaa issuwa issuwaara ooshshiyogee niyo ooso pattennaagee
0,Ane odo xalaalaa hottayiyogaa aggada oosuwaassi minna
0,Tayshawu yayyoppa Xoona naati mino
0,Nunaara diyagee ubbaa xooniyagaa minna laafoppa
0,Nuni ha hanenna haasayaa siyokko 
0,"Wuuwuy duussaa al""otettay wotuwa diggiis"
1,Neeni oona gidido gishshawu ayyay?
1,Intte Kawo naatu soo bidinttati
1,bidinttati
0,Woraabi Wogga Wolayttawu zooxa neegaa
0,Kawo Xooni Wolqqaama Wolaytta Kawo
1,Badamoy  nena baassan kessenna mala naagetta
1,Borkku boccin boccana xaykka assi sulay attenna
0,"Ta  na""awu tawu injjetadasa zawa gakka "
1,Hayttay kehaa siya ha bulla kaysoy awuppe yiidee?
0,Ta ishawu oonakkoo siyoppa
0,Cayettanawu koshshenna sarotettaa medhdhana bessees
0,chaahotaa aggidi issippetettaa minttana bessees
1,cinashe na cinashawu bonchetiyako keha niyo samayi
1,dorisiya
1,gisiliya neni koyiro hagamalaba wattada yedayi damiya
1,xosayi cayo nena ha kane neni macca asaa gidiki
1,halliqumiya nena bonchisa ha kawushe
1,wolayita macca natu suntta morayi ha kawushe kawuya
1,macca miziyaa yesidi ekiyora keha neppe mizappe mizziya
1,hariya mallatiyara bidopa
1,niyo ne dona xosayi gorido goridetta 
1,tuniya niyo yani bada tuna nu natta cayisoppa
1,Agga bii ha kinssee asa bolli doonaa dooyoppa
1,Dichchaa aggida ha durumay ay lo''iya bollaa asa bessay
1,Laa ha ducanaassi ne oduwa siyikko yoota ane
1,Uluwaara shodhdhee hagee ayba asee
0,Hagee laytta Xoossa laytta iitabaa haasayoppite
0,Ini gallassi tumabaa neeni haasayin taani keehippe ufayttaas
0,Dees gaada immada ashshido gishshawu xayoppo niyo
0,Xoossay galatetto deretettaa dooroy saruwan polettiis 
1,Ha kaneenawu  asa bollan donaa coo dooyiyoogaa essa
1,Ha xinqqiyagoo naagettiyakko kehennee?
0,Ha hanenna haasayay simmidi nena meenna mala naagetta
0,Xossay  niyo atto go sima taani giyobi bawa ta ishawu 
1,Neeni awuppe yiidaakkonne dogaychchada ambbaa naatu bolli haasayay
0,Xoossay ta ceequwa
0,Ekettiyaba xalaala haasaya tayshawu
0,Taani neeppe hegaa mulekka naagabeykke
0,Laa hinna ne michchiya puula taassi O oyhchcharkkii
0,Hanna niyo michcho gidennan aggukku nena milatawusu 
1,Neegaa gidiyaakko hagaadan wadhdhakka paliya 
1,Bolla bonddiya maanawu hagaadan gooyay haakka iitay
1,Waasso niyo nu heeray ne cabbo xallan ubba wode balbbuqettees
0,Ne machcheeppe haraa xeelloppa nena gattiyay baawa
1,Nebaa Xoossi be'o gakkennan coo gakkasa oyshetta ne
1,Xalahee 
1,Xoossay inttena oychcho ha palaa taani awude siyidanaa?
0,Tuma ha asi Xoossa asa A coo bochchoppite
0,Ammaniyaageetoo intte ammanuwa mintti oyqqite
0,Taani koyyidobaa hanada daana inttena aybi gattii?
0,Koyaadan simerettiyoogee kawotettaa seeran xorgganissees
0,Xoossay ubbaa Danddayees
0,Saluwan sa'an maata ubbay Xoossaabaa
0,Xoossa metiyaabi aybinne baawa
0,Aayenttoo Xoossay inttena maaddo
0,Godi maaddo nena dosada hanakka neeni
0,Tayshawu ushshaa aggada Xoossaa ammana
0,Ne ammanuwan gencca Xoossaara giiga
0,Xoossoo nu nagaraa atto garkkii ne maaarotan nuna qoppa
0,xoosso neyo holla ha bitta asayi wosite goday ubba dandayes
0,Inttiyonne haratussikka woossite
0,Xoossay nu henttanchchaa
1,Ha shareechchoy qassi aybaa haasayii?
0,Nu hidootay Xoossaa
0,Miiccoppa achchaara yees giida
0,Asa worana gaada halchchoppa koyrottada niyo hayqqenna mala
0,Tawu wolqqay diyo gishshawu ooninne tana xoonenna gooppa 
0,Wolqqaamawu wolqqaaway dees giida
0,Hagee Xoossawu danddayettees asappe naagoppa
0,Xoossoo nuna ashsha ekka ha iita layttaappe 
1,Ushshaa uyiiddi woosa keettaa biyageetoo Xoossay intte bolli pirddana dees
0,Wolqqay paccido asa bollan naacoppite intte wonttuwa erekketa 
0,Xoossoo nu omarssaa mooroppa
0,Biti bitaawa gakko!
0,Yiya layttiyo xillikko pinna!
1,Ne miishshay tumu ogiyaara shiiqibeenna 
1,Xoossi baynna duretay awakka gattenna
1,Ooninne aynne kessenna gawusu ha doonanchchiya
0,Tumaa daannay Xoossaa
1,Yesuusa suntta hakko nenan diya iita ayyaanay 
0,Hanna nu shooro mishiriyo malatawusu
0,Xoossi baynna asaa wurssettay lo''enna
0,Tummakka Xoossi omarssa loytto giidi woossana bessees
0,Xoossaa xomoosoy neekko gakko
0,Gakkennan gakkiyabaappe Xoossi ashsho!
0,Xillo oosuwaa Xoossaynne asaykka dosees
0,Neno tayshawu asa bolli wordduwa markkattoppa
0,Asaa ooshshiyagoo ne iita oosoy qonccana dees
0,Xoossoo nuna wurssada niyo haara
1,Ne bolli de'iya iita ayyaanay yesuusa sunttan cadetto 
0,Atto go inttiyo eridi hanekketa intte
1,Maccanay hagaadan waanidi hanii haakku ha kawushshiya
1,Haakka iitay hagee awudeppe doommidi gooyidee kase saro gedeneeshsho
0,Heeraa sarotettey naagetto
0,Ne heeraa geeshshatettay nenan doommana bessees
1,Xoossoo ha Otona heera naatuppe waananee asaabaa qamman dafi ekkoosona
1,Qeeranchchoy baada ne malaa koya niyo laggee baawee?
1,I keettaway pattenna asa kariya erees
1,A daroppe qaxana asa oyqqiyobi tishshenna
0,Ne keettaawaabay nena xeellennee?
0,Agga tayshawu ne naata seera neeni metuwan gelenna mala era 
1,Laa ayba huuphee oottenna macca naati biittan kumidee
1,Wogga asi waanidi  pokkobaa hasayii kawushshay
1,Kawushshi kana qallaalle gidennee 
0,Yaatin waanuutee oosuwa oottana koyikkii?
0,Maxennay muxennan mittees gees nu asay hayseyiiddi
0,Asa bolli genebaa qoppoppa
0,Asa bolli gelabaa haasayoppa
1,Ha curqqawu nena gattennaban geloppa
0,Ta michchee harabaa aggada ne oosuwa wudada oottiyakko keha niyo
0,Issitookka bachchadasa minnada ne oosuwa ootta
1,Zayree naati issoykka maaddiya asi baawa
0,Mishiriya barina lo''idabaa hanekkee nena aybee gattiyay
1,Kayseeenay neeni ayinne kessakka gays woygay?
1,Qoppennan daydda coo haasayoppa 
0,Akeekenna gereessay zaarishin metees giida
0,Yootiyobaa suure yootikke cashshay aybissi koshshidee?
1,Ayfiyaara moloocay neeni pattiya asa gidakka
1,Asa biitti woxxaydda wolqqaa wuraychchidaagee
1,Coo waayettoppa hagaappe simmin nena azini ekkenna
0,Issoy issuwaara siiqettidi de'iyaakko doorettees  
0,Naatoo gooyoppekketii inttiyo wodee biroona
0,Xoossaa erennaageetussi garssay 
0,Wolqqi xayoy Xoossan qanggees
1,Laa ayba laafa asa xalaalay nu heeran kumidee?
1,Ha  xinqqoti waaniyona  inttena xeellennaban geloppite
1,Nu ogiya gorddaasashin Xoossi ne ogiya gorddo
0,Simi woyganee Xoossi wozana immo etawu 
1,Neeni ayba qooqida asee naati aafuwa doona kaa'iyageeta bayikkii?
1,Xoossi gorddo niyo ne doonaa asa na'aa doonaa gorddada wadhdhay?
0,Agga ta ishawu haasayiyobaa akeekada haasaya 
1,Laa ne motoree macca naatu xalaalaa caanii? 
1,Ha micuwawu macca naatu sunttaa coo bashshoppa neeppe eti keha 
0,Wolaytta naatu giddon taassi injjetiyaagee nena diccashsho
0,Wolayttan cora zannaqa sohoti de'oosona
1,Kaneenay nena ajjooran aybi gattii?
1,Laa waanoo ta nebaa oossi magannooshsha?
1,"Hagaa mala lo""iyabaa ootta asa cayiyoogaappe hagee lo""ees"
0,Laggiyawu hachchi waanada tumiyo haasayadii?
1,Nebay tana awudenne ufayssenna 
0,Worada gereera tayshawu I hananabay erettiichchibeenna
0,Gaale naati gaammo
0,Duguna panggo naati dumma
0,Ishawu iniiro awude immuutee?
1,Ha baluqee ne dulliya asa sinttan qaattoppa 
0,Bolooso Bombbee yenjjeeluwa dure
1,Arakkatoo aggite ayyoppite
0,Sinttaara aybee yiya sa'ay awes tana
1,Dungguuxaa keettan imattay gishees giida 
1,Kaysee naati aybanne kessekketa
0,Laa ta nena daroppe siiqada gooyayas shin aybi kehee?
0,Naa''ay issippe azinanne machcho gidana danddayiyo?
0,Cimo haasayaa taani dosikke naa''anttada hegaadan hanoppa
1,Ganddan machchiyo ekka wottada Ambbaa yaada hara macca naata haasayissay bullay
1,Xorkkoy nebaa asi erenna gaada worddotay
1,Coo daafuroppa ne hanuwa eriya macci mulekka nena gelenna
0,Macca naata kawushshada cayiyogee niyo pokkennee?
0,Laa tana xoossi woyganee giyoobi baawee asa bolli wordduwa markkattoppa
0,Oottada ne cawan ma tayshawu asabaa naagoppa
0,Qohettidikka haasayenna macca naati corati de'oosona
0,Awudenne gidin ne oonatettan yeellatoppa
1,Intte heeran ubba asaykka kayaa naagidi haasayiyogaa erokknaayye?
0,Yaa'an qaadaa ekkada haasaya tayshawu
0,Tayshawu neeni giyobay nuussi siyettibeenna
0,Laa ne bawu waanay asabaykka nena nebaadan michchii?
1,Murxxiya ne bawu awa heeran yelettidii?
1,Bidinttay nenaara eqqidi haasayiyogeekka qohees
1,Samay  coo kelttiya geloppa shoobettabaakka
0,Xoossoo ne ashsha I bawu Wolayttan awa allaana biittay woddidi asa shemppo miidee?
0,Agga laa laggiyawu siiqo milataydda caddoppa 
0,Wozana garssan iitaa qoppidi haasayiyogee lo''enna
1,Macca naata miishshaa miidi siiqiya azzalla attumata woyguutee neeni?
1,Issi issi maccappe kehenna attumatikka xayokkona
1,Neeni yelido na'ay cinashsha malatees hekko
0,Inttebaa poora qassi oonaara ooyettidi yeetiishsha 
1,Diccoppa gaanawu nagara laa neeni ayba makkala na'ee
1,Gawuxay Xoossay nena qaaro nu bollaappe
0,Laa ne keettayiyo aybissi hagaadan shocay moorobi diikko asaara be'ikkii?
0,Hachchi gallassay tumaappe dummatees
1,Gundday sinttawu kiyoppa hagee laa aybabaa haasayii?
1,Neeppe laa awu baanee gooyikko qachchanakkaa simi
0,shahaaradeeyye haraabee?
0,Tuma gaasaa yeeleetta!
0,Nebaa gidenna macceera asho gaytotettaa poloppa
0,Iitay iita gallassi ashshees giida
0,Hachchi  neeni suurebaa haasayadasa ishawu iitay bochcoppo 
0,Hachchi istta  neeppe lo''iyaaba siyaas
0,Xoossoo ha iita haqquwa neeni zaara
0,Gonddooro  hekko tumaappe wodiya wurssettay matiichchiis
0,Aayyiya nena yelu hachchi etassi bessiya zaaruwa immadasa
1,hagaa xosayi hasaya goppo gasulayi
1,kawushiya 
1,neni appe kehaka tuniyaa
1,hariya nayi haka neni xiniqiyage
1,neyo huphphe ottene ha mizawu
1,mizayi keha neppe ha guxayichago kawushayi
1,xossayi nena kawusho ha kawuyayichago cadtte xossa sunttan
1,neni goyayi bi dubbayen nena qachiya asi bawe ha kaniyo
1,ha kokawu co gada asa aye bollan dona doyopa 
1,dorisayi bonchetiyako keha niyo
1,haliqqumayi ogiyan atta
1,xossayi ne bollan dada yedo ha meddenage gawuxxayi
1,nena assayi shiqidi qachanawu besesi wozani bayina galijjayi haka xossa sunttan
1,galijjayi nemala yeliyogappe ne ayiya hayiqagarkesha
1,sanayi neyo wozani bayinagadan xellinika erisasa 
1,gawuxxayi neni goyiya assape kehaka
1,buqqena buqayi nena 
1,mizappe kehena mizayi
1,nena appuwara sugidi oliiyoba matani demiyako hayiqayichage
1,wontto yekanawu eqqada hanasa ha mizawu
1,Xoossi niyo ne oosiyo zaaro hakka neni
0,Agga tayshawu ne wodiya woza hadasan coo pe'oppa
1,Urqqay asa bollan coo haasayoppa
1,Neeni coo mela maccaasaa hayttaa mooraasa gidikkii?
1,Nena xoossay sher''i  ootto nuso macca naatu bollappe
0,Nena xalahee oottees dosada hanakka
0,Tumaa haasayidi qammosan aqiyogee keha 
0,Nenaara aybikka lo''ees ta michchee miginjjee
1,Laa ta ha nuso naatu makkalaappe awu booshsha
0,Tayshaa minuwawu minna taani nena be'iyoode iita ufayssees
0,Saroy inttiyo gido tayeenaatoo
0,Laa Xoossawu yayya asa bollan haasayoppa
1,Ne aayee ayfiya ma tana aybissi dereqqay
1,Laa nena hegaa haasayanawu aybee gattiyay
1,Ne mala gooluwa ne ayfiyan be'ana koyokko  
0,Naa''antto ha naatuura hemettenna mala
0,Xoossay nena nago harabaa taani giyobi baawa
1,Xoossay oychcho nena ha paliyo ne oottana hara asa gidenna
0,Hagee tumu polettida daba gidikko biittawukka gome
0,Laa biittaa bollan haniiddi diyabay aybee xoosso neeni ashsha
0,Woraabi la paranjjatto doonaa loyttada haasayaasa hekko
0,Asa suntta he izaawi baynnasan denttidi haasayiyogee zigirssa
0,Asa zigiriyogee iita meeze
1,Neeni ayba laafa asee awudenne laafabaa hanaasa
1,Nena aybi gattin etaban gelay?
1,Nena asa ubbatoo cayissiyaa ayyaanay Xoossaa suntan cadetto
0,Xoossoo suure ogiya ogiya hemetissa nuna
0,Laa kawonawu anjjettashsho awudenna payyabaa hanaasa
1,Xorkkoy hagaakka ooso gaada oottay
0,Hoola ne wolqqawu ne qesiya dibbay xeellin yashshees tana
0,Xoossay nena gujjidikka anjjo metootidaageeta maaddadasa 
0,Ne kahan siyettabaa ubbaa coo haasayoppa 
0,Borssobaa haasayiyogee tooshissees 
0,Ne mala wozannaama asaa Xoossay biittan darisso nuussi
1,Gattennaban gelada doona daroppa ane ne oosuwa ootta
1,Agga ha na'awu ne doonay nena kawushshana hanees
1,Ne mulccabaa haasayoppa ane xiskkay
1,Ne meecettabeenna qita kushiyan tana oyqqoppa  
1,Neeni guutta na'a gida uttada ne bariyappe bollabaa aybissi hanay
0,Xoossay niyo akeekaa darisso ta michchee
1,Ne aayyiya nena tookko uluwan boynaa kalla markkeeshsha 
1,Ne bawu suure aseeyye gooyay sima gadaawaa bolli aybissi haasayay?
1,Laa nebaa dere cimay pirddo taani gidikko aybanne giikke kayisoy
0,Zino tana neeni iita kayyoyadasa 
0,Hachchi qassi ayba oorattabaa ekkada yaadii neeppe nuna Xoossi bawu ashsho
0,Laa ha naata aggite giidi shoobbiya asi baawee?
1,Kana malay ne shocinkka erakka gidikkii 
1,Ha xinqqiyaara aybakka kessakka
0,Neeni aybaa haasayiyaakkonne tawu qonccibeenna
0,Taayeenawu digga niyo say sannacca asaa oychcha
0,Asa cayiyogee nagara gidiyogaa akeeka
0,Minna annaacetta xoonennan simmoppa
0,Ne aawatettaa layttan Wolaytta maaddana giikko oduwappe oosuwawu minna
0,Odettiyabaynne oosettiiddi diyabay gayttokkona
0,Hagaappe sinttanawu iitaanne kehaa shaakki eridi daana 
0,Intte wozanan de'iya qofaa xuufiyan qonccissana danddayeeta
0,Deriya oyshay bessiya zaaruwa demmana koshshees
0,Wolaytta deree worddotiyageeta dosenna
0,Halaytti Xoossi nuussi hayse ootto
0,Pacay asa asappe guyye ashshees
0,Wolaytta oyshay barkka Dalgga mantte gidanaassa
0,Haashshu Xoossay maaddees inttena
0,Maaddida Xoossaassi gita galatay gido
0,Wolaytta wogaa maayoy saapho
0,Saro aqidetii taayetoo
0,Wolaytta deriya wogetay naagetto
0,Wolayttassi deree shiiqidi tobbiyo dubbushay de'ees
0,Allddada Qajjeela sooriyawu Xoossi bonchcho
1,siya hachipe simin ayiyo cayiko neyo dona goridanawu dayis geleshoyi
1,cinashyi ayiyo cayopa
1,musayi nena koyiro gesha simada asa ayiyo caya murixayi
1,degele nayi
1,qittayi tamayi mo gawara masatiyage
1,neni diyosayi awune niyayesi tani kokiya goridana
1,sante nayi ayiyo cayopa mizayi
1,kane nayi ayee bollani hasayopa mayuwa garixara mayaraka hasayayi
1,mizayi neni ayiyo watada cayayi
1,neni ayeppe yeletabeyikiye ayiyo ayisi cayayi mizayi
1,xiniqiyagetti inttena onika koyena
1,musati wolayitta cayisopitte
1,kanati hakitte wolayita hayitayi moretisi intte gassuwan
1,wodoroyi bawe la ha goyiyageta shafan qachanawu
1,xosi baroo intte dona
1,deshsha malattiyara ayi wasayi
1,samiya co bidoppa
1,kaanisiya xosayi nena oyiqqo
1,kanisyaa
1,ha cinashiyo xosayi digo
1,gasulayi wani hage
1,gawuxiya
1,zeiyaa haka neni
1,ha xiniqiyarisi yotiyayi bawe
1,zayiroyi haga aga giyayi bayyee
1,hage ayibe cinashayi 
1,subunayi diccoppa
1,xosi cayo nena
1,kayise nayi
1,kayisoy nena siyiya asayi wanidage
0,Yoo yoo  Gifaataa hashshu saro gattees
1,Ha mishireessi huuphee oottiyakkonne shiiqidi oychchite
1,Siyite tashenttoo ha kaysoy haasayiyo palabaa
0,Intte bonchchanawu yini aggin  nuussi aybi attii
1,Xoossaa  aawaa na'aa xillo ayyaanaa suntan caddetto nenan diyabay
1,Kaysoy kallidooro cooyees
0,Saro
1,Kaysuwa xalaalay  intte aayee gediya mite
1,Baalotaa yamiya doorokko
1,Wolaytta worissiyageeta xoossay oychcho
1,Kaysotoo hagaadan awude gakkanawu wuuqquuteetii?
0,Hagee aybaa haasayiiddi dii?
1,Ne laamee haasayo niyo gordda ne doonaa
1,Wolaytta bayizzanawu kiyida kawushshati  hageeta
1,Nu biittaa  asaa cawan zal'iyageeta
1,Hagaa mala kawushsha asi bonchcho keettaappe waani kiyii haakka iitay
0,Hagaappe  Xoossoo neeni ashsha maccaasappe yelettida asi hagaadan woygidi cayii
1,Eta kawushshaa  asa ubbay hashshu be'iis
1,Hageeti  banttana guyye cayoosona haakka iitay
1,Ha gallassa seetan wuuqqiyageetoo intte baree qantta coo haneeta 
1,Kaysoti pirddettanaagee attenna
0,Ta ishawu  ne suure oosoy xossan  nena anjjissees
1,Yaa'aa xeesin aybissi takkadii zayroy xaya hagaappe
0,Kawushshaa karee dooya aqees giida
1,Xoossoo pokkuwaappe ashsha hageeti oonaara hemettiyonaa?
0,Aggite iitabaa haasayoppite hageeti nu qaalaa erokkona
0,Xoossoo tana biittaa miza yiira na'ay aybaa miiddi de'ii
1,Hageetu haasayaa siyoppite xossayi atto go etassi
1,Hageetus simma huuphee yeddiichchiis eti gooyoosappe unddenniis
0,Xoossay ba asaa olenna
0,Dicca
1,Ne mala laafa  asi bawa guuttay 
1,Ha kawushshati cimi wuridi guyye yiira kiyiyonaa?
1,Miizzaa xalaalay  hageeta sullana bessees
0,Xoossay  nena gujji gujjidikka dichcho  neeni gita asa tayshawu
0,Niyo saroy gido tayee  nawu
0,Nu ishawu nena iitay bochchoppo tana daro maaddadasa
1,Xinqqiyabaa hanaydda daasa xinqqoy haakka ne!
1,Nena xoossay  shoddo nu biittaappe
1,Ha leefettenna mashsha mala tunay woygiiddi dii?
0,Xoossay niyo danddayiya shayaa immo simi waatanee?
1,Ha bitanee qolcciinay ubbatookka coo haasayees
1,Ha tollocciina mishiriyo nu heerappe xayssekketii
0,Tumay diyoosan awudenne xoonoy dees!!
0,Tayshaa minuwawu neeni aybissi Wolaytta televizhiniyan oottikkii?
1,tolocciya xosa suntani serretta
1,macca asaa hayitta moroppa kenkiya 
1,mizayi ayibika bawa boditeni
1,ha geleshe nati aawuppe yidona
1,kokayi
1,la ayiba inte huphphe xumirro natte
1,wurquqayi neeni asaa cayanawu ayibi gatti
1,bidinitayi nenika asee hayiqayichage
1,gisilayi neni awuppe yadi koyiro
1,bittayi neni bawu godabusho gidena agaka
0,"Amuuchche Bushshe gidaa laarose Buutti na""a Baade godee hoola intte erawu"
1,Wuuqqada miya zayroy haakka ne
0,Wonikka Gaammoy gaammuwa yeleesippe attin zeerussaa yelenna
0,Kawuwaa qullidi kallachchaa wottiyagaanawu woraabi ne erawu
0,Suure haggaaziya kawotetta maatawati deriyan dosettoosona 
0,Kawo Dagato Kumbbee gaammo!
0,Xoossay nena anjjo tayshawu adussa layttaa de'a
0,Ooninne ooppenne guuxxenna asa guuttada xeelloppa
0,Yelagati bantta abbiya keena hashetena bessees
0,Yelagatoo issippe dichchaassi issippe denddoos nu diishin nu biittay allagan oyqettoppo
0,Xoossi  be'in woggaridoy bittaa bashshoosona aayiyaa be'ana hindda
1,Hagee ayba asee ooso oottennan coo maana gay? Hegee pokkottennee
0,Payyatettay diishin oosuwa ixxidi woossidi  maanawu qaaxxiyo qaattay lo''o gidenna 
0,"Godaayikka ""Oottada ne cawan ma"" gees"
0,"Wolaytta asaykka leemisiiddi ""Kariya gorddada woossa"" gees"
1,Bitaydda aqa pe'iyakkonne Xoossay tana ne bitawu aatti immenna siya
1,Mulccay xinqquwan gaasattees giida
0,Cadda koshaa gaylliya mentta
0,ottada ma kushe tohoy kumetta asa sinttan eqqada woossoppa
0,Hiillaa daroy xaphuwa qanxxees
0,Siya tayshawu agga hegaa bochchoppa cima asay nena qanggenna mala 
0,Hayqqana eceriya Garawee siiriya singgawusu giida
1,Neeni woni ayba woosa woossay ekela wora xayssa Xoossawu giyogee neeppe naagettii?
0,Kalissana kattay keriyan erettees
1,Buuqeenay hagaa keena wodiya takkada mela soo yay
0,Ooso wodee oosuwan pe'ana bessees
1,Mera lo''oy oyssa kayso giida
0,Xoossay tama dirssa bari naatuyyoo
1,Ne laggetay awaa sussan gaytto niyo ha'i qassi hegaa doommadii
0,Koyrottada xillotettaanne saluwa kawotetta koya
1,Iitay iyiissi cayees giida
1,Ha qitawu koyrottada ne maayuwa qitaa meeccaychcha
1,Zayiroy  aykkobaa Xoossay tana mata wodiyan nebaa bessana
0,Neeni hadasan hayqqenna mala nagara ogiyappe simma
0,Hayqqa xayanawu eqqada Xoossaa bollan haasayaasa gidikki
1,Ha xinqquwawu niyo wozanay oosuwa essiichchideeyye?
0,Ta neenara gaytta erenna gishshawu tana laamotay worees
1,Asa kunddettan ufayttiyogee niyo ooso
1,Xoossay intte bolli dada kiitto
0,Hadaraa miiday hayqqees
0,Maganaa miiday qassi manqqees gees nu asay 
1,Wolaytta deree hayqqidikka dares intteppe
0,Woraabi  minuwawu nenaara sinttawu
1,paxa hayiqada dasa neyo erettiko
1,gosiliya macca gidiki neni 
1,curiqqiya
1,tuma madenara curiqqiya
1,manjiyaa
1,hanissi huphphe ottena ha manjiyaa wanayi
1,xiniqiyaraa xosayi nena shodo haka
1,xossayi ne omarisa moro metoyi bawa neba beana
1,opekkaa wana kaniyaa nena 
1,xiniqiyaraa nerika nena gutiya gutiyaa
1,Qitiya   neeni erettida worddo coo biddoppa ane 
1,Ha biittaa  wurssiya kaysuwa gooddite
1,"Koyrottada  ba ne huphiyan dei""iya cuuchcha xayssa simmada ya"
0,Qeeri naata shiishshada waretissoppa neeni qeeri na'a gidakka
1,Laafayi
0,Kaysoy Hamuusa wuuqqin kanay ne malay Arbba gallassi boccees
1,Koysite issisaa shiiqite inttessi imettiya pirddaa ekkeeta
1,tuy kaysoy
0,Caamma bessana koyadi 
1,xinqqoy
1,Nuussi koysoora dabbotetti baawa xaya hagaappe
1,Koyrottada  nena suure xeella ane  occuwa malataasa
0,Asa  bolli bessennabaa  hasayoppa 
1,guuttay
1,Waanay hagara haraqe kettaa bay toyliinay
0,Gamma  gaadasa taayee ne zoree tana daroppe maaddiis
1,Degelay haakka ne quma conchcha daraasa
1,Degelay
0,Laa  hagaa bochoppa nena era
0,Taassikka oosoy baawashin waanoo?
0,Xoossoo  ashsha  hagee waani naatoo
1,Ne bawu tana ayba iitay micoy 
0,Laa ha naatuppe ta waanooshsha
0,Neeni aybaa kessanawu hagaa keeni boodday
0,Tayshatoo ooyettoppite sigi lo''ottenne
0, sigi lo''ottenne
1,Hiyeesi wonikka otoro danddayenna haakko ga ne
0,Kiike moconaa kiitay oosuwan pe'ana bessees 
0,Hachchi gallassay daro lo'ees
1,Taani harphphiyo doorikke hayqqu A
0,Ne oonatetta haraagan bayzzoppa tayshawu
1,Ne odin doriyo nu cinashshay haasaya daroppa
1,haasaya daroppa cinashshay
0,Ha''i wodiya  yeletay tumatettaassi aaruwa eqqana bessees
0,Bitanee beni attida seeraa aysuwa ehana haniiyye waaniiddi dii?
1,Ha xalahee toggido mishiriya awuppe yaadee?
0,Haraphphiyo dooriyoogee sarotaa dooriyoogaa! Giigidi naageettes
0,Dooruwan hashetiyo eenotay asa ubbawu imettiis
1,Laa waaneetii udunxxiya gididi biyanne yiyabaara coo yuuyoppite
0,Halchchidi oottiyogee hadasan ashshennan naagido hoolliya shocissees
0,Nu deriyawu aggite iita oosuwaappe simmite
1,Laa hagee ayba kahay yuuyichchido asee?
1,Wolaytta bayzzada kaysoti hageeta
0,Gooba kawuwa Xoona naato xoonidi simmite
0,Laa hanna ayba pala na'ee A oottiyoba xeellite
1,Ha melay ayba asee ubbatoo gene oottiyaagee
1,Mentershshaara shaala malatiyagee gordda ne hambbaaca doonaa
1,Laa ha miizzappe kehennaagoo agga simma asa coo gakkoppa
0,Naata korinttiya shuboy diyosaa shiishshoppa
0,Beeruwaappe soo baydda penggiya kariyanne mastewootiya gorddiyogaa dogoppa  
0,Baana koykko baychcha cabbottoppa
1,Laa nena maccaasi mulekka gelenna ha ne iita kandduwaa be'iiddi
1,Ayfiyaara sholay tana aybissi dereqqay?
1,Huuphiyaara zulddoy yooppa taakko
1,Gediyaara wora yedhdhiyagee nenkka caamma shammay poora O
0,Laa Xoossawu yayyite asa cayoppite
1,Qitee nay ne luxibeenna kahaappe iitiyabaa coo haasayoppa 
0,Miishshi baynna siiree pulaale gees nu asay haasayiiddi
0,Xoosso asaa naatussi nena akeekiyo wozanaa imma hadara
1,Ayba neeni laa Xoossi dosennabaa hanay bawu
0,Mooriyageeta odada zorada zaarappe attin Xoossan qanggoppa hegee nagara
0,Neeni asa cayiyogaa aggiyakkokka asa kiyana 
0,Ta michchee issi uraa oonatettaa erennan asa sheeshshan kochchan amppada cayoppa 
0,Neeni gita asa tayshawu nu tumiyo kessadasa anjjetta
0,Ne ishati moorikko hanqqetta ogiya bessa
1,Neeppe cinashshay tammu kushe keha 
1,Ooni ooppe daridi haasayii ta niyo laafikko al''iya giyan bayzza ekka
1,Inttesoy nusooppe kallachchaara buuqeenay haa ane ta niyo guuxxikko be'aasa
1,Baretta Xoossay  nena baro ne doonay cashshaassi awudenne dooya dees
0,Neeni asa hagadan woygada cayay pokko gidenneeyye?
0,Haasayanawu bessiya aappun lo''iyabay diishin siyanawu iitiyabaa haasayeetii?
0,Cayidi cayettosona  simi hegee eta meto 
0,Henttaa ixxana naati lanqquwa ixxees giida
1,Ha jallawu tana malatennabaa haasayoppa agga
0,Ane shemppada uttaaga nena doonay miikkonne
0,Hagee laa ubbatoo asasoo aybissi woxxii?
0,Siya ta michchee nebaa nuuni siyida nena oychchida na'ay nena aggiiss
0,Yaagaappe haagaappe miishshaa balibakkada shiishshiyogaa aggiyakko keha niyo
0,Xoossay nebaa be'o tayshawu tana coo oyqqada cayadasa gidikkii
1,Xalahee toggido uraa waatanee simi bawu yiidabaa coo haasayennee
1,Ha toppillawu neeni koyro nena erikkii 
1,Neeni nunaara aybinkka malatakka ba ne laggiya koya guuttay
1,Siya tanaara haasayana koykko ne xinqqiya achchaa meecettada ya
1,Haakka ne xiiriqay ne wolqqaappe aaruwa hanaasa
0,Tuy  ya bayiychcha taani worddo oduwa siyikke
0,Iitay iyiissidi cayees giida
1,Haakka ne kanay zine issippe diidosaa dogidaagee
1,A ayba bita na'akkonne haredan shochcha dosawusu
1,Intte bawu ayba asee ubbatookka ooshsha koyeeta
0,Cayetanawu yiidiiyye quma manawu yaadii 
0,kushiya meecettennan qumaa mooppa
1,Laa aybissi tana dereqqay nebaa eekidanaayye wurqquuqay
1,Neeppe wuuqqiya  kaysoy  keha buuqay haakka
1,Onay koyrottada ne maayuwa qitaa meeccaychcha
1,Subbuniya nenkka asa cayay cayettaychchidaara
0,Gamma gaadasa tayshawu yohuwan tumay keha
0,Ne mala minoy miixaa naagissees minna 
1,Ha molloy waani asa coo dereqqii ne ayfee gannaara kiyo
1,Diigane aggaaga ne toofina oduwa siyana koyiy baa
1,Laa kafeenay gays waanuutee?
0,Audenne asa iitabaa maqqoppa
0,Neeni oyshettidobawu bessiya zaaruwa imam
0,Asi nena diccoppa giyoobaa hanoppa
0,Agga  ta ishawu erennabaa haasayoppa
0,"Worddoy  lo""o gidenna ne kase haniyogadan surebaa hana"
1,hega ubba ottiyara nena gidena agaka tuniyaa
1,hano xosi digo kaniyo
1,ha mizze neni macca asaa gidiki nena bonchisa
1,xossayi cado nena tuniyaa
1,guye atta ne lagiyappe
1,la ha buqqeyo odiyayi bawe
1,hariya haku hana
1,ha kaniyaa ayiba asee
1,goyiko bi nena qachiya asi bawe neyo awi ayiya bawee ha tunee
1,kaniyaa yelido kaniyaa hagadan hasayawusu 
1,bi neni macce atume tuniyaa
1,hagappe sinttawu nena goyiyaro gana
1,neni xosaa awan erada xosaa xesayi macca cayisiyara lafiyaa
1,neni ayiba huphphe bayina ase
0,Hagee laa ayba sawii tonggu gees
0,"Nagara oottenna asi de""iyye ta ishawu?"
0,Gifaatay mal''iin mite
0,Gifaatay inttena qoodoppo intte gifaataa qoodite 
0,Yoo yoo gifaataa
1,Ta ishawu coo gaada hombbocattoppa!
1,Mulccee na'ay
0,Hashshukka xumaappe poo'uwawu kiyida
0,Neeni nagara ootta erikkii?
0,Makkaliyogaa agga tayshawu 
0,Aybee neeni nerkka haasayiyobay laafay
1,"Xoossay  nena game""etoppo ha biittan"
1,Woqqay kichcha ta sinttappe
1,Neeni haraqiya uyennan aggakka doonaara xinqqaasa ta ishawu?
1,Hagee na'ay gooyiichchideeyye?
1,Neeni  mulekka laafabaa hanaasa unccay
1,Gufanay nena hinnippe saro zaaroppo
1,Neeni ayba gidada hasayay qassi shufuroy 
0,"Hinna  tuma shin lo""oba hasayite"
0,Cashsha asa cayiyogaa aggite
0,Ne aayyiya nena yelu attuma asa
1,Neeni ayba  gallassi  merettadii ha buuqawu
1,Intte ayba na'ee pattennaageeti
1,Laa ha gappullay awuppe yay?
1,Yonkkee yonkkatta ekkada awu bay?
1,Ha  bulla kaysuwawu agga nena nagetta 
1,Tuytalay haakka ne
1,Ecere  malatasa ne
0,Laa aybattuwa haasayay  ne bawu
0,asi nena ezggees
1,Miizzay neeppe maataa miya miizzay keha
1, Odoogaa aggada harabaa oottay tulle
0, Ne doonan cashshappe harabi baawee?
1,Wogaacee coo biddaasa nenkka
0,Hachchi tumaa haasayadasa ta ishawu
0,Siya asa cayiyogaa essa ta ishawu.
0,Neeni hasaykko suure haasaya  geellabaa hanoppa
0,Miza simmada woommoppa hegee iitabaa
1,Unccay haakka ne nu heeraappe
1,Donoy   nenkka asa bolli  haasayay qassi
0,"Ne zoree lo""oshin aybissi cayay?"
0,Laa ta neeppe awu booshsha
1, suriya suure gixxa ane  mulccay
0,Ta ishawu hinna ne guussiya xoossappe tuma
0,Neeni qantteeyye aybissi zaatturay
1,Neeni ayba meqetta iita asee xaya ta matappe
1,Tumu unccay nena gidikkii biitta ma
1,Dorssay ne doona barikkiya haasayoppa
0,Daadoosappe hachchi tumiyo yootadasa
0,Ne diishin intteso asay aybissi kayyottii?
0,Cima asaa bonchchiyogee anjjissees
0,Ne doonaappe awude lo''obi kiyanee?
1,Worddoy niyo huuphiyaara mokkana hanees
0,Cayidi cayssiyabaappe Xoossi ashsho!
1,Neeni haasyidobay gamma gidenna sirphphi ga ane
0,Wolaytta coo cayiyaageetoo Xoossi wozana immo inttiyo
0, Wozani worin azini yeddees gees nu asay
0,Neeni awudenne tumabaa haasayishi siyays diccashsho
0,Neeni immido suure haggaazuwa gishshaa Xoossi niyo gatiyaa qanxxo
0,Siiqettidi de'iyogee keehippe koshshiyabaa
1,Hiyyeesay nena tanaara aybi gattii haakka
0,Ne  kunddananne hallittaa akeeka  ta ishawu 
0,Mali malaara manddarees gees nu asay
0,Ane haa taakko shiiqada yoota taassi siyettibeenna
0,Hanna laa tumaappe ayba  miicissiya na'ee
0, Neeni tayshaa gida ha yohuwa aggaaga nena maaddenna
0,Awankko  niyo ixxo gishshawu coo pirddoppa taaga taani erays
0, Aqennasan qamissoppa ta michchee ane eqqa denddada ba
0,Intte haasayan bali baashin eti aybissi yiillotiyonaa?
1,Neeni ubbatoo maccaasa  bollan hasayaasa laafay
0,Asa bolli gelabaa qoppoppa ane 
0,Worddotoppa hagee neeppe koyettiyaba gidenna
1,Goolixay  nenkka pattiya asa gidakka
1,Donoy ne doonaa bara 
1,Gooloy hagaa heeran aybissi gooshettay
1,Ha buuqawu nenkka tiikkittookeree ne laamee gido qitay
1,Jallay hegaa aggaagane nebay metenna gayttana
0,Tumaa gasa ishawu tanakka asay dosiyoy hegaassa
1,Ha santtay ibawu ayba asee?
0,Ne haasayay  tuma shin guuttiyo gujjadasa
1,Gillay neeni aynne erakka
1,Nenan gelida Xalahee waassidi kiyo zuyray
0,Nena taani keehippe dosays tayshawu
0,Hinna xoossappe tuma taayee nawu
1,Neeni cinashshatuura diccada asa cayay diccoppa 
0,Zoriyogaappe attin cayiyogee gamma gidenna
0,Neeni dosin A ixxikko aggaaga cayoppa
1,Musay haakka ne Xoossaa sunttan
0,Haniyobaa ubbaa akeeka simmidi nena oyshissenna mala
0,Goshoshshay coo  haasayaasa ne
0,Yaati cashshay aybissi koshshidee?
0,Neeni aybi bollan eqqadii?
0,Tuma ga ane  
1,Laa waanay guyye diccayye guuttay
1,Ne iita oosoy nena asa kessenna
0,Xoossay danddaysso nena tayshawu 
0,Yaatin awu biidi ootti maanee namisay aggennashin
1,Tuy  ha goyiyagee woyigii qassi
0,Xoossi minttetto ta michchee nena!
0,Tuma neeni gita asa tayshawu issibay aggin attees
0,Issoy issuwawu atto giyogee lo''o eeshsha
0,Tayshawu neeni hirgga daroppa xoossi dees aynnebaa
0,Anjjettite hachchi tumiyo haasayideta
1,Yeddana  machchiyo kase aybissi ekkadii pattennaagee
1, Giido qaalaa cadday guyye ekko nena worddoy
1,Wolaytta asaa ayyaanay caddo nena sheeshshan shaakkay asaa
1,Issitoonne ufayssiyabaa ootta erakka
0,Haroodeerippe hachchi haasayiya keha 
0,Xoossi niyo attogo simi taani giyoobi baawa
0,Agga intteso asaa bonchcha hagee ne hanoy lo''enna
0,Taani O aybaanne gabeykke tana coo cayaasu
0,Intte bochchennan cayikko awu nagara aggiigite
0,Hegee Wolaytta Wogappe attin haratuugaa gidenna
1,Ne oonatettaa worada haraagan alleeqoppa
0,"Laa ne lo""o asa"
1,Diggane waassoppa neeni ubbatookka coo biddaasa
0,Koyro ne tohuwan eqqennan daydda machchiyo waatada ekkay
0,Aawatetti aco gidiyogaa erana bessees
0, Hagee deexo yoho  xoossi maaddo nena simi 
0,Wolaytta karoppa ta michchee
1,Tuy ha gooyiyagee ayba asee I bawu
0,Asi bonchcho mereta ane coo cayoppa
0,Nuuni Xoossaara maadettidi kaysuwaa nu heeraappe xayssidi aggana
0,Asa kawushsha amottoppa tayshawu
0,Laa deree miiccishin miiccishin tawu uloy wooqqiis
0,Nena xeellennaban guppada geloppa
1,Ha mullaacawu niyo  wozanay  ottenneye asa coo cayoppa
0,Saroy  niyo gido ta ishawu
0,Aymalee taayee nawu xayadasa
0,Ne bolli ayyiya asi giikko taassi yoota
0,Nena bochchiya uri tana bochchees aybanne hirggoppa
0,Nenaara Xoossay dees taayeenawu 
1,Niyo wozani baawa haakka ne dammay
1,He shalqqotussi loyttada yoota ta ishawu kanappe kehokkona ha wodiya macca naati.
1,Xossay oychcho nena macca nata hagadan cayay  haakka ha kawushshay
1,Xinqqoyi nenkka coo ayyaasa 
0,Ne nagaraa xoossi atto go ta ishawu
0,Keehippe dosays  ta ishawu dicca
0,Iitay bochchoppo ta naata minnite
0,Ta ishaa goobawu minnashsho
0,Yelagata Xoossay dichcho cimatussi kiitettite
0,Maaddenna zigirssaa qoroppa neeppe naagettenna
0,Yelagati issi mino citaa medhdhanaadan hasayssoos
0,Woraabi Wolayttoo zooxaasashsho
0,Nusoo naa  gobawu minna
0,Kawo Xoona sheeshshay yayyidi kushiya immenna 
1,Ne mala laafa asi biittaa bollankka merettibeenna
1,Ha linqqilinqqawu waanay quma ma erikkiiyye?
0,Ta bixe laggiyawu aayyiya yelu nena 
0,Laa dicca ta ishawu hanno ara asi polenna tana maaddadasa
1,Neeni worddo asa nebay nuussi erettenna
0,Wolaytti Wogo sheeshsha worddokko oychcha siya taishawu
1,Ne mala worddo asata biittaappe xayssana bessees
1,Udunxxee nenkka asaara lagge gidada haasayay
0,Woraabi woraabi hayya hayya taayee naati diccite
1,Musay niyo yoppe attin suurebi hani erenna gidennee?
0,Woraabi niyo wogga wolayitawu
0,Hashshu saro yiideta 
0,Yiya laytti saro gatto shaakkoppo nuna
0,Layttay inttena qoodoppa intte layttaa qoodite 
0,Hagalo ha sa'an baree aduqqo niyo
0,Saro aqite wontto gayttana 
0,Kaalliya wodiya saro gatto nuna 
0,Intte biyosaa saro gakkite
0,Nena intteso asay seerokkonaayye?
1,Wolaytta bayzziya worddota Wolaytta biittay tookkenna
0,Hadara mooppite intte wodee baynnan hayqqenna mala
1,Gita asa malataydda guuttabaa hanaasa
0,Laafana haattay kanaa mees giida
0,Darana dabboy daran yaa'ees guuxxana dabboy gutaraa kiyee giida 
0,Dari dabbotay darin duuxxees
0,Ta ishatoo issoy issuwaara siiqettitenne bonchchettite
1,"Zee""oy  buuqay gigennaagee"
1,I neeppe hayqqidikka darees 
0,Neeni woossoppa oottada ma hagee lo''o meeze gidenna
0,Keehippe galatays ta ishawu anjjetta
1,Kokkay nenkka maaddiya asa gidakka
0,Ufayssaa ashuwa mal'’shiin miite
0,Xoossi keha ayfiyan xeello inttena
0,Naatoo intte aayyiyo aybissi waayisseetii?
1,Xoossi ero neeni maaddiya asa gidakka 
0,Ane Xoossa tumaa yoota ne biidosan ay oottay?
0,Tumaappe gays taayeenawu neeni wotoy baynna mino
0,ha na'awu dicca
0,Nuna saassoyoppa ane dicca ta ishay issitookkonne barssa
0,Wozanaagaa Xoossa xalaalay demmees
0,Worddoy sinttawu kiyenna
0,Nuussi Xoossi wozana immo gaanaappe harabi baawa
0,Xoossi dosennabaa hanoppite
0,Xoossaara kiyiday xoonuwaara simmees
1,Tayshawu waanay kaseppe gooyaychchadiiyye
0,"Nena lo""idabaa hanana danddayaasa "
0,Zorin ixxay zoodin ba''ees gees Wolayttay
1,Coo kaccikkii hegan nena ooni siyii?
0,Xoossi niyo neero zaaro
1,Haakka ha miizzay ayba asee bawu
1,Haakka ha sakkaraamee 
1,Ha moohoy ayba asee?
0,Xoossaa bollan qilliccoppa  ta ishawu
0,Neeni nena milatennabaa oottiyogaa awude agganawu day bawu
1,Niyo lafatettay yiichchiis asabaa amottaasa laafay
1,Kinssay bittaa uya ne siiriiyaara yo niyo ushshay
0,Marccuwa siita coo hadan laaloppa wontto xayiyo wodee dees
0,Xoossoo ta poluwa loytta hadara niyo
0,Xoossoo wurssettaa mooroppa 
0,Hadasan Xoossaa sunttaa coo xeesoppa laggiya hegee nagara niyo
1,Ha  meheppe kehennaagee  awuppe yiidee bawu
0,Ne hemetaa Xoossa sinttan sittissa ishawu
1,Achchaara buuqay waanay ne achchaa meeccikkii?
0,Nagari saluwa kawotettaa laatissenna era agga simma ne iita oosuwaappe
1,Wooqay biitta uya ne ushsha daroppa miyobi niyo baawa shin
1,Laa wontta woygay ane ha''I mino gidikko haasaykkii
0,Neeni wolqqaawa gidikkii shocanawukka danddayaasa tayshawu
1,Doonaara shiyay asa coo cayoppa 
0,Asa qofi awudenne hada 
0,Gaayiyaa sarbboppa neeni goofiniya harggananne
0,Ane niyo akeekaa immo tayshawu
0,Oosuwa ootta ushshi aybakka maaddenna
1,Worddanchchay neeppe ooni ekkii hegaa coo gaasa
1,Hekko baa gooyaychchadasa tayshau haakko xalahee
1,Biittaa ma ne haree
0,Neeni ushshan xayssiyo miishshan hiyyeesa maadda ane 
1,Ne hanoy tana ayba iitii 
0,Laggiya gishshawu gaada Xoossaa naaqqoppa tayshawu
0,Laa ne marccoy nena wadhdhees gidennee haakko iitay
1,Ne suuttaa Xalahee uyo niyo ushshaa haykka aggabeykkii ne?
0,Ne shemppiya tamawu olettenna mala agga iitaban hashetoppa
0,Hashshu ubbaakka shaakkennan qorennan saro pinttees
0,Xoossaa sunttay nunan bonchchetto
0,Agga tayshawu Xoossaa ammaniyageetu bolli qilliccoppa
1,Xoossi niyo neero qanxxo guuttay 
0,Niyo miishshay xaykko wanute asabaa bonqquutee? 
0,Xossayi neyo wozana imo sima waatanee
0,Wodee diishin Xoossaakko simma aara sigetta. 
0,Xalahee zoriyo iita qofan geloppa 
0,So asay kiittin makkaloppa ero gaada kiitetta
0,Yesuus bana ammaniyaageeta pirddaappe ashshees
0,Xoossaa ooso bollan kelttiya geloppa 
0,Naaca haasayaa tumabaara walakkoppa 
0,Xoossoo ne maarotaa darissa nu deriyaassi
0,Tana ooninne uyiyoogaa diggenna coo haasayoppite
0,Ushsha dariyagoo ne wurssettay kawushsha gidiyogaa dogoppa 
0,Tumaa zuubbarissada pirddoppa
1,Neeni goyiyaa asa mala gidiyo gishshawu ne haasayay gamma gidenna
0,Uyayidda uyayidda ayfiyaara barbbariya milataasa
1,Neeni pattakka asa zigirssa daraasa
1,Haakka ne hayqqaychchidaagee
0,Agga ne biyo iita ogiyappe simma ta michchee
0,Metootidaa maaddiyogee kehatetta ooso
1,Laa hagaa oyqqidi qachchekketii goyiichchiisttenne
1,Deree hagaa xeellite ane A miishshay A guyye wadhdhiyogaa biitta uyo hagee goppillay
1,Laa ha qitay bari maayuwa meeccenneeyye
0,Niyo Xoossi attogo tayshawu taani giyobi harabi baawa
0,Siya ishawu harabaa mala gaada Xoossaa bollan qilliccoppa
0,Haraban naaca ta michchee ammanobaa bochchoppa
0,Ushshay daridi neessi ulo gidduwaa wooqissiichchiis
0,Niyo ellellada Xoossakko simma  ta ishawu
0,Asi Xoossa woosso oysha ubbawu zaaroy A matappe yees
0,Xoossaa sunttay coo hadasan xeegettana bessenna
0,Ammanaydda wuuqqiyogee niyo nagara
0,Neeni ushshaa aggiyakko tuma asa kiyana 
0,Hayqqanawu eqqada Xoossaa bollan qilliccaasa gidikkii 
1,Ha gufanawu agga ne wolqqaara beennabaa hanoppa!
1,Haakka ne ubbatookka wordduwa yootaasa
0,Wolaytta wogaa malatennabaa hanoppa neeni Wolaytta gidiyogaa dogoppa
1,Ooso olli ixxo muussi ite ekko gees giida ooso dosenna azallay
0,Giyaappe aybissi wodiyaara yabeykki
1,Neeni ayba gooyiya asee bawu zoridobaa ekkakka
0,Asaa worddobaa haasayada aybissi balbbuqay atto go niyo 
0,Deree hagaappe waanooshsha giya gidduan uttidi qumaa mees 
0,Kawushshabaa hanoppa ane ne doonaa shiishsha ekka
1,Waanadii gooyikko ogiya kiya guuttay 
0,Wontto nuugaa yuutee wodee de'ii niyo? 
0,Hagee tuma keehippe michchiya yoho shin Xoossay tumaa daanna
0,Hinno shahaara maccaasiyo ne miyo sawuyiyagaappe issitookkonne barssiinawu
0,I tana dosiyoogaa keenaa oonanne dosenna
0,Xoosso ne ashsha hagee bari gacuwaappe daruwaa baarees
0,Ogiyan hemettaydda miyogaa doommadii tayshawu
1,Neeni biron gooyana asa ixxiyanne miqqaynniyagoo
0,Asaba amottiyogaa aggada niyo diyabaa siitada go'etta tayshawu
0,Waanadii kaseppe lee'adasa harggadiiyye?
1,Ne oosuwa qaraara hagaa keenaa coommay aybee kiyiday niyo?
0,Xoossoo kehaa qaada ha wodiyan siyettiyabay injjetenna
0,Xoossoo nuna maara nu nagaray dariis
1,Occoy biittaa ma ne dichchaa essaychchadasa gidikkii
1,Cinashsheenay ne aayeera baada urqqaa munaqqa ishshi?
0,Asa miizza shocoppa hegee niyo nagara
0,Eeno tayshawu saro baada saro ya ne naatukko
0,Hashshu saro yaadasa awude simmadii?
0, worddobaa haasayada asa gooshshoppa
0,Attuma asa qacaa I immido zaaro diyagee ayba ufayssidee tana
1,Ha bullawu qammiichchin hagaara awu woxxay?
1,Neeni laafa asa gidiyoogaa erays aggaaga woddotoppa
0,Asa sintta qumaa coo habucada mooppa nen qachchaa oyttenna mala era
1,Hagee makkalonttoso na'ay gooyichchideeyye waanidi kallo hemettii?
1,Laa gooyayye asa waanada ammanettay 
0,Laa nuso nawu ma miiday biidaa gakkees
0,Anjjo niyo Xoossi mizin maasa simi waatanee?
0,Agga tayshawu asabaa wolqqan dafi miyogee lo''o gidenna
0,Neson qumi diikko tana mizane iita namisetta uttaas
0,Hagaa ooratta caammaa awude shammadii ne bawu miishshaa awuppe ekkay?
0,Neeppe Xoossi ashsho danddayettabaakka tayshawu minna ane
0,Waanay hagaadan aybissi coommay quma ayfe be'a erikkiiyye?
0,Quma muussawu gidikko nena gakkiyaabi baawa
0,Wontto waananaasse hachchi neeni hagaadan coommiyoyi? 
0,Nena Xoossi maaddo taani kiisiyan miishsha oyqqabeykke
0,Woppu gaada uttaaga ane hagaadan jaamoppa
1,Suqoy neeni diyoosan taani uttikke
0,Hagee Xoossaabaa yexxiyaakko ayba lo'’aneeshsha
1,Loyttada siya ishawu ne bitay ta bolli mulekka oottenna
0,Xoossi baynna shiishoy laaletta gidiyogaa dogoppa
1,Ha kawushshee agga kawuyyennan simmiyakko niyo lo''o
0,Cayidi cayissiya iitatuppe xoossi ashsho tana  
0,Nena akeeka tayshawu kawushshay kaallenna mala
0,Koyro Xoossi bonchchiichchikko ooninne nena kawushshana danddayenna
0,Xoossi neenara gido saro simma ta michchee
0,Nu ishaa yeleta mereta minuwawu niyo ha layttawu bonchchettiyo laytta 
1,Laa ha xinqqotu xinqqo haasayaa siyanaappe awu booshsha
1,Kenkkati Xoossi shoddo inttena nu huuphiyaappe
0,Ta naatoo aggite intte iita kandduwa giigissite
1,Wooqati taassi issi baqanne gakkekketa coo biddeeta
0,Taawaa naatoo inttena iitay bochchoppo
0,Eeno giidi beettida ubbata Xoossi anjjo
0,Nu ishaa minttettida ubbata kehay oychcho 
0,Xoossay anjjo inttesoo kehay bullachchay bo
0,Kushiyaa kehan qanxxisso ubbaykka anjjettite
1,Buuqay toppattada coo yuuyoppa ane
0,Neeni ne ishaa hagaadan waatada cayay
1,Kaneenay ne aayee uluwan guyye gela
1,Udunxxee neeni yin aggin tawu aybi attii?
0,Ubbatoo ne ishaa hara asaara aybissi zigiray?
0,Moorida ura cayiyogaappe zoriyoogee kehennee?
0,Ishawu utta denddada asa coo bochchoppa
0,Qoppa ekkada hanennabaa coo haasayoppa
1,Neeni miizzeeyye asee bawu miizza gidikko maataa ma
0,Cashshawu metoy  baawashin aayiyo cayada mooradasa 
0,Asa cayiyogaappe wadhdhiyogee keha
0,Doonaa masunttaappe tooraa masunttay keha gees nu asay
0,Nuuni ooni oona cayiyo siyida asi woyganee?
1,Tuy hayzza nena asi siyananne pokkoy baynnaagee
1,Ha cinashsheenawu neeni bawu woygana koyadii?
1,Haakka hagee Xoossaa sunttan laafay 
1,Boynay coo gaada ne dooya doonaa asa bolli dooyoppa
1,Zallumay  asa coo ixxoppa
1,Ha wurqquuqawu Xoosay nena shoddo nusooppe
0,Yelida aaya bonchcho gidiyo gishshawu coo cayoppa ane 
1,Etappekka daruwa neeni laafa pattennaagee
0,Attuma asa gidikko ane shiiqada haasay
1,mullccee nay  koyrottada ne mulccaa meecetta simmada haasaya
1,Dulliyaara geleshshuwa telluwa malatiyagee 
1,Doonaara hambbaacay coo haasayasa ne
1,Ha mehiya ooni xeegin yiidee bawu?
0,Xeesennan yiiday kallennan bees giida
0,Aybee tayshawu neeni maaraba hananay awudeeshsha
0,Cashshappe harabi ne doonan baawee?
1,Niyo taani achchaa kolana haasaya daroppa
1,Ha qorisuwawu 
1,Nena aybi gattin haasayay ha micuwawu 
0,Hegee nena xeellii?
1,Hagee ayba asee pokko laa pokko erennaagee
1,Ha musay ayba bonchchoy baynna asee
1,Gawuxee nay ta nena demmanawu  days wonttaaro dogoppa
1,Laa heekko guuxxaychchadasa ha qiiba na'ay ne bolli haasayii?
1,Dara giddon qosettada aybaa oottay guxunee
1,Siya doona daroppa warettana koykko haaya taakko
0,Tayshawu erennaban geloppa simmidi nena metenna mala
1,neeni macca asaa giddon qangettidaro
1,tuniyaa macca assa gidki neni
1,neni kaniyaa ayiba ase
1,ha tuniyaa woyigayi xossa sunttan haaka
1,xossayi sero nena haga hasayayis gara hasayayi godayi sero nena
1,nee inxxarssa kokiyaffe qanixxanna koshes kaniyaa\
1,ne hasaya gigisa ha goyayichidare
1,tuniyaa nega odayida dayi gada
1,konkiyaa co hasayoppa
1,qangetidara woqiya
1,bi ayiba palabba hasayayi ha kanee
1,xoosay nedoonawuka haniquwa kitto ha tunee
1,kane neni macca gidiki xosi neyo wozana imo neni dosara hanaka goyassa
1,ha kaniyaa wanayi dere hina macca gidekeye dere
1,qittiya neni ayiba lafa macca asee
1,yesussa sunttan haakka kaaniyya
1,hano goyiyari naiyo awuppe ehidetti
0,Wolaytta kochcha xoqqa kawo maatawati ubbay kushiya kushiyaara oyqqettidi Wolaytta sinttawu dichchana beessees
0,Ayssi pattennaban wodiya wursseetii?
0,Ixuwa nu giddoppe xayssidi  issippetettan minnana koshshees
0,Oduwa dariyogaa aggidi odiyobata oosuwan  bessana koshshees wode benigaa mala gidenna
0,Nu ishatoo aggite issoyi issuwa cayoppite 
0,Aybippekka aaruwa nususi dooroy baynna saroy koshshees
0,Ooshshaanne oalaa nu giddoppe maaci caaqqidi aggoos
0,Ushshaa mattuwa agganawu na''antto xiine gido  giidi cashoos
1,Laa hageeti ay qoppidi asa bolli aattidi haasayiyoonaa?
0,Aykkobaa xillotussi xoossay wodiyaa ehaanawu de'ees
1,Wonikka bonchchoy baynna uraa wurssettiya hannokka gedekkee
1,Uloy kallikko I asa bollan coo toocees haka
1,Kanee naati intte  laggettttaycoo xoyo
1,Neeni oona gido gishshawu eta bolli kallay
0,Wolaytta asaa afuttaa Xossay  quccanawu dees  aykko baawa
0,Ubbabaykka polettanawu bari wodiya naagees
0,Wolaytta yellagatu suuttaa acoy worissida ubbata oychchanawu dees
0,Oossi gidinkka imettida kawotetta maatay qantta wodiyaassa gidiyogaa era 
1,Doorettoogaara attaagakka shaarettaykka de'ees 
0,Nu daafuraa acuwa Xoossaya qanxxo nuussi 
0,Nu donaa Xoossi hasayo simi harabaa woyganee 
0,Miishshay tumaa gorddiis Xoossay bari gallassan dooyana dees 
1,Kaysuwa oyqqite giidi nuna  shemppuwa teqqoppite kaysoy oyqettenna
1,Xossay inttena  nu huuphiyaappe shoddo 
1,Wolaytta worida worddoti haykka inttiyo dooni dees giidi haasayeetii?
1,Wordduwa biittay tookkenna coo daafureeta 
0,Morkkee sugettaa dariyogee xoqqaa kessanaassa 
1,Ha  buuqati bantta uluwa gishshawu  Wolaytta bayizzosona gidennee 
1,qaaxxayi
0,"Wolaytta wogaa maayoy lo""esi"
0,taishato Issi yelagay ubba yelagaassi ubba yelagay issi yelagaassi
0,Yelagay kumettay  kushiya oyqqettidi Wolaytta morkkeata  eqettana bessees
0,Wolqqaara de'iya wodalla ubbay dichchaa oosuwan hashetana bessees
0,Nuna zemppissiya Xoossaa kushee nunaara dees 
0,Nuuni  ubaykka intte miyiyan deettees hirggoppite
0,Nu ishatu hayqqaageetu  shempuwa maaro xosayi
0,Yeekkiyageetussi ubawu Xoossay minttettuwa immo
0,Xoossay ubbaassikka etawu eta oosuwaadan zaaro
0,Hachchi xumikkonne wontto poo'ana dees nu biitteessi 
0,Nu aayetu  afuttay  Xoossakko gakkanawu dees
1,siyitte Worddanchchtoo Xoossay inttena  bari  hanqquwan shoccanawu dees 
1,Miishshaa gishshawu giidi asa shemppo woreetii mizoppo inttena
0,Wodee aadhdhi wodhdhiyo gishshawu hachchi yekkiyagee wontto miiccees
0,Manqqoy duretees dureekka manqqees
0,Ha sa'aa bollan laamettennabi baawa 
1,Haakkite intte xalahiyaara diyageeti 
0,Wonttoy Xoossaa kushiyaana 
0,Akeekay xaykko ha alamiya kanttanaagee deexo
0,Cariya yedhdhin shodhdhiyaassi zokkoy duuxxees
0,Daana dulliyawu wurana asaraa qaarettoppa 
0,Asasaynne asaray kalloyees gees nu asay
1,Diccenna na'i kiyo kumees
1,Ma ma gay biitti mizees
0,Nuuni cimettanawu qeeri na'a gidokko 
1,Hinni naati aybaa koyidi haniyonaa bawu?
0,Laafa laggiyaara pinuwan pinuwan caaqqa gees nu asay
0,Bittan gelanashin asappenne xosssaappe attoppa ashuwa maayadasa
1,Neeni kiitanchcha gidakka
1, Mule ubbay shiiqidinne tawu kushe kumekketa
0,Aggerkketii tayshatoo Xoossaa xeellite asa naaqqoppite
1,Deriya afuttay nena yeddenna coo hanaasa
1,Nu biittiya intte gaasuwan hiyyeesaasu
0,Inttiyo bukkaagee nuussikka diifana dees
1,Ne nu bolli kalliyo layttay laamettana dees
0,Ne laggiyaassi qimiya oyqqoppa
0,Lo''o yeletay atotettan aadhdhiyaagaa
0,Neeni uluwa maada aqiyo layttaa Xoossay laammana
0,Xoossaara kiyiday Xoonuwaara simmees
0,Nuna sugiday I bawu kunddana aykkobaawa
0,Minni oottikko xoonuwa nu deriyaagaa
0,Tayshawu ne wodiya qoraphphada go'etta
0,Wolaytti woytoy bessiyo wolqqaama sheeshsha
1,Hageeta waatanee  eta Xoossay nu bollappe shoddo
0,Akeeka
1,Kayosotuuranne  nunara ayba dabbotinne baawa 
1,Coo oge bolla gukkida nu naatau suuttay Xoossa sinttan eta oyshissana dees 
1,Guyye yaanawu eqqidi haneeta hagaadan hanidi awunne gakkekketa
1,Inttiyo kiyin gelin xumo Wolaytta sunttaa coo mooriyageetoo 
0,Dom''ettay merettikko tobbidi birshshiyogee koshshiyabaa
0,Zooxanawu zirxxatettaanne tumatettaa koshshees
0,"Paafunttanne qofaa gattanawu koyyikko silkke paydota go""ettite"
0,Hagappe gujjuwan cara gattiya miidiya maaraa mankkaa naagidi go'ettanea bessees
0,Tohossa dalgga manttiya huuphe ayssiyaa gadaaway Sooddo ambban beettidi dichchaa oodsuwa yuushuwan bantta qofaa immidosona
0,Issippe kushetti oottikko deriya deexxiyabi baawa
0,Ha dooroy dimokiraase aysuwa qoncciyan bessiyagaa geetettiis 
0,Bariya xekkay gakkidonne dano oosuwan hashetibeenna ubba yaratikka dooruwan hashetana danddayooson
1,Heeraanne deretettaa  woppatettaa digopitte cinashati
q,ha kanna Gadawantti Dooroy kuuyettana gakkanawu asay  issippe hashetana mala  bantta kiitaa aattidosona
0,Kumetta wolaytta moottan zaaretuwan polettiya dooruwassi dere kal''atuwa zoreta keettaanne baaso dichchaa tossa konttiya kaalettiya bantta cenggurssaa immidosona
0,Gadaayyiya ha zaareto polettiya dooruwan hashetidoogan ufayttidoogaa qonccissidosona
0,Ambban de'iya ubba  dooruwa xaabetun    asay ba cenggurssaa immiiddi de'ees
1,ne cinashayi oottenna azallay yoho darees
0,Odoy nu ooso miiriya Tasppaaye Tamasggeena
0,Kawo Koysha allaanaa zoreta keettay 6tto ooso layttaa 2tto gophphe konssoonuwa zino poliis
0,Zoreta keettay polido gophphe konssoonuwan aadhdhida usuppun aginatu oosuwa poluwa pissiya shiishshida allaanaa huuphe ayssiyageeti shiishshidosona
0,Allaanan oosettiiddi de'iya dumma dumma dichchaa oosotun deretettay bessiiddi desi
1,"ha musay goshshaa oosuwan, boniya waaruwa gisttiya oosuwan minada ottiyoga eriki"
0,Hegaadaanikka giyaa al''otettaa  giigissiyonne  deree kattan bana danddayana mala maaddiya unkkotiya kattatu  maduwa  gujjidi qonccisodosona
0,"Uuttaa aahuwan tokkiyonne ba kattaa ba daarinchchappe ekkiyo woykko ""leemaat tirufaatiya"" macaran lo""o oosoti oosettidoogaa denttidosona"
0,Deretettaa hasheyiyogan allaanan geeshsha uyyiyo haattaa gattanaassikka cora oosoti oosettidoogaa bantta pissiyan shiishshidosona
0,Allaanan doomettidi kuuyettibeenna dumma dumma piroijjekiteta ellellidi kuuyyanaassi dumma dumma deretettaa kifileta haphphida konttee baasettidi oottiiddi de'iyogaa malaatidosona
0,Luxettaa macaraanikka gare naatunne gastta asaa luxettaassi dumma wudaa immidi oottiiddi de'iyogaa allaanaa huuphe ayssiyageeti qonccissidosona
0,Deretettay shiishshiyo ubba oyshata kawotettaa abbe xalaalan pagalanawu deexo gidiyo gishshawu deretettay bessiiddi de'iyo hashetuwa minttana malakka oychchidosona
0,Kawo Koysha allaanaa zoreta keettaa huuphe dere doonay  bantta baggaara duma duma qofata wottidosona
0,"Deretettay denttiyo dichchaanne lo""o aysuwa oyshati wodiyara zaaruwa demmana mala xekkan xekkan de'iya dere zoreta keettata minttananne kaafana bessiyogaa yootidosona"
0,Oodiitiyan beettida kawonne dere aqotaa miishshaa  kaallidi zaarissiyonne deree denttiyo dumma dumma oyshati suure zaaruwa demmana mala tishshatettan oottana koshshiyogaa malaatidosona
0,Konssoonuwan oosuwa polissiya ubba xaafo keettatunne allaanaa zoreta keettaa hegaadaanikka heezzu tossa konttetu aadhdhida 6 aginatu oosuwa poluwa pissee shiiqiis
0,Pissee shiiqidi yaratun ciimman yigettidaagaa gidiyo wode deretettay denttiyo dumma dumma oyshata zaaranawu deretettaa hasheyidi tishshatettan oottana bessees geetettiis
1,yopa hagape ya xaya
1,haka neni ne ossuwa niyo eka kaniya
1,bi goyayi wanadi sariki ne maccana giddikki hagaadan waana hassayyay tuniya
1,goyayi ne dona tamayi mo neyo
1,kalicciya godayi shodo nena nu bollape
1,ne dona godayi baro tuniyaa
1,neni kaniya ayiba asee haka neni 
1,kawushiya
1,ha tuniya woyigayi kawushiya
1,kaniyaa
1,achara kalitiya 
1,haka neni goyiyara
1,dere hana goyayi maca gidiki neni tuniya
1,samiya neni ettape kehaka
1,nena naga ne macca gidiki xossi ne dona oyiqqo
1,cadeta yesusa suntana haka ha tuniya
1,ha tuniyaa awuppe yade
1,bi wolaytti gitta sheshsha niyyo bayda nu haayitta bashshoppa
1,kokiya goyayichadiiyye 
1,kaniyaa bi hagaa xayisiki
1,seretta tuniya nenika wozanayi bayinaga besadasa
1,xoso hage ayibe ne doniyo kunida daka kaniyaa
1,kenikyaa pokoyi bayinara
1,goddayi ne doona gordo ha tuniyaa
1,kaniya neni mezetoga hasayasa
1,naato wolayttatto goyichchideti inttenna yelidda asayi siyesi geekketii tunati
1,laa ayiba laafa macce neni 
1,neeni ayiba laafa asse haga ayiba gada ottayi
1,kaniyaa huphphe oottennnabeeye hanna la dere 
0,Neeppe Xoossi ashsho ubbasankka neeni daasa hekko
0,Ne haasayay ayba wozana miyaabee Godikka ashsho 
1,Laa wozanay diikko ini gallassi nuuni gayttido sohiyo haaya ane
1,Suqunay subbunay gays waanuutee haaya oyqqa tana
1,Neeni oonakko nena erikkiiyye yaakko darissoppa
1,Cambbay ne coo biddaasa nena siyiyaabinne baawa
1,Suriya pude shiishshada suure gixxa ane sheneyiyaagee
0,Kuttiya booddaydda baawa meqettaa kessawusu giida 
1,Qiteenay nenkka miishsha demmaas gaada asa bolli haasayay
0,Laa ha warettiyaageeta aggite giidi shoobbiya asi baawee?
0,Xoossawu yayya agga ta michchee asa cayoppa
0,Asa biittaa asaa bonchchitenne siiqite 
0,Ne sheeshshawukka iitoppa olla bookkoppa
0,Intte issippetettaa minttidi naagite
0,Morkkee mooganawu miikkiya naagiyoogaa akeeka 
1,Neeni olla giddo moogiiganawu bessiya asa laafay
1,Na'iya iitukkushin iyyoo inxxarssa diyaaro waatanee simi
1,Ha osha malatiyaaro ta sinttappe xayssite taani I malaara haasaykke!
0,Tawu nenaara haasayiyo wodee baawa taakko yooppa
1,Gonkkay ekettenna haasayaa coo toofayoppa
1,kanenay nenkka qaada demmaas gaada haasay
1,Ha barina bayzzada aqiya tuniyakka asa bollan doonaa dooyay haakka iitay
0,Ne kanddoy tawu injjetido gishshawu sinttanawu issippe oottana
0,Wozanappe galatoos nu ishata Xoossay anjjo!
0,Iofantte immido   qofay gammanne ekettiyaga
0,Beni nuuni woraappe mittaa issippe mehiya heemmiiddi qoridoogaa hassayay?
0,Laa dicco hagee ayba Xoossi anjjido suure na'ee?
1,Ta michchee keehippe neeni puula shin elettiyogee iitees
1,Gossillay ha worddo oduwa baada harasan puukka xaya hagaappe
0,Ta siiqo michchee taani nena keehippe dosays
1,Ha biittaa miida gabaree O bolli haasayii?
0,Intte haasayiyobay tawu mulekka gelibeenna
0,Tana ne machchiyo gaadiiyye aybissi hagaadan ta bolli haasayay?
1,Ha suudaneta malatiya  sahaliyo gooddekketii
0,Intte maayido Wolaytta wogaa maayoy iita lo''ees diccite
0,Laa ayba lo''eetii Xoossay tayshata asa ayfeppe ashsho
1,Neeni shaafa giddoppe yiidoogaa dogaychchada ayyay xiiriqiya
0,Laa ta naatoo ane cayettiyogaa aggidi issoy issuwaara siiqettite hadara
0,Daraasa taayeenawu tuma minna asaa worddo zoriya siyoppa
0,Wolayttatto doonaa suure haasaya neeni Wolaytta gidiyogaa dogoppa
0,Tayshaa wontta bakkaaliya awaadan waciwaciyagoo sinttawu kiya
0,Taayee na'ee tuma nena wozanappe dosays
1,Ha sulawu kesso kanaa malatiya gissillay aybaa haasayiiddi dii?
0,Yiira naatu kanddoy ayba lo''ii iitatetti baynnaageeta
0,Ne haasayaa cashshan doomoppa ane suure haasaya
0,Xoossi suure ogiya hemetisso eta
0,Wonggelaa aawatoo Xoossay inttiyo adussa bariya immo 
0,Xoossi dosiyonne asi anjjiyobaa hanite ta naati diccite
0,Hashshu gattees intte luxetta anjjuwaa gallassawu
0,Intee halchchidobay polettiyo layttaa gido!
0,Maaddida Xoossaa sunttay merinawu anjjetto ubbabay aani haniis!
0,Tana bonchchida Xoossaa sunttay anjjetto!
0,Woraabi Wolaytta aawotoo nu hayttaa kessideta baree aduqqo inttiyo
0,"Gaashe keehi darope ufayseeta daro layta gam""idi diite"
0,Asa ammano toochchoppite
0, Intte gelan kessan Xoossay intteppe shaahettoppo
0,Hagaa mala lo''iyaaba oottida ubbaa iitay bochchoppo
0,Intte sinttaara Xoossay kantto ta laggetoo saro zaaro
0,Xoossay nena anjjidikka anjjo tayshawu neeni gita asa tuma
0,Agga ha bitaniyawu ne  doonaa shiishsha  ekka ixxikko neeni kawuyyana
0,Asa shemppo woriyogeenne buquraa xuuggiyogee iita ooso
1,Ha degelawu baada galbbaa qaaca neero odo da
1,Ne shemppoy niyo kafo kiyo buuqay biron harphphen yeggin sa'i kiyanee?
1,Nu asaa shemppoy hadasan hayqqi wurin hayqqa kawotetta seeraabaa haasayeetii?
1,Laafi wonakka laataa naagees giida 
1,Laafa kanaykka soo boccees giida
0,Nu hayttaa mooriyageetoo inttena Xoossay oychchana 
0,Hashshu laggee be'obaa be'adasa tayshawu
1,Karddiya haraphphen yedggida ubbay kafo kiyite intte
0,Ha daafurssiya oosuwan hashetida ubbaa wozanappe galatoos
1,Ha kayso kaadiretu gishshawukka taani harphphiyo doorikke ay kessuuteetii?
1,Galbbay hegan asawu ashkkaraydda daagikkii
1,Ha goppillawu asa geedo siittaydda ne layttaa wurssadasa
1,Suuppati wonttin qammin haraphpheebaa tawu biddoppite haasso inttena
1,Nu aawatu ayyaanay nena oychcho nuna malatennabaa hanaasa
0,Azallennan minnada nabbabikko lo'o gatiya xaafissana danddayaas
0,Ne naatu gallassa gallassa nabbabuwa loyttada kaalla 
0,Wodee diishin woxxa aaway diishin xee'a gees Wogga Wolayttay
1,Ha yeehuwan duriya asa ubbay cinashsheeyye?
0,Laa hagee salobaa yetteeyye sa'abee bawu shaakkanawu barchcheyees
0,Waanay laa heeraa aybee xayssiday saro gidikkii?
0,Nu dalgga manttee Wolaytta
1,Ha haraphpheenay aybissi biddii assi marccuwa qanxxidonaa gaada
1,Wuuwuy ha kaadiretu kacettaa siyanaappe awu xayooshsha
1,Hayqqida asappe kehennaagee nenkka haasayay 
1,Asa aadhdha aadhdhada coo kawushshiyagoo Xoossay nenakka kawushshanawu dees
1,Zaarettada aylletetta qanbbaran waaxettana giikko ne shene
0,Inttiyo wozana immo eridinne hanekketa
1,Xoossaa suntan haakka ne worddoy
0,Bosan yosan Wolaytta sunttaa coo mooroppite
1,Ne laamee haasayo niyo hagee yaa'an haasayiyoba gidenna
0,Coo cayanawu eqqada hanaasa ne naagetta nena
1,Zino ne ta bolli haasayidooro dogoppa ta nenaara gayttana
0,Yetta danttuwa xaafiyo wode darobata naagettana bessees
1,Ne yuussi aybanne koshshenna bitay haakka ne
1,Uloy kumikko intte wonikka coo dureeta 
1,Bidinttee nay biittaa zaaro niyo
1,Haakkite intte ha ze'oti inttebay haraphphe kiyo
1,Biitta ma ne wozanay woozzichchidoogee
0,Laa intteppe waanooshsha hay tankka haraphphiyo dooroo?
0,Laa deree abaa pirddekketii hagaa na'iyo I qohido qohuwa 
1,Wolaytta wogaa bashshiyageeta bashsho eta
0,Shocenna uri gita gatimaa tookkees giida
0,Shenee hayqqanaappe shempoy gees Wogga Wolayttay
1,Uluwawu kallana gishshawu ne oonatettaa bayzzoppa ane ishawu
0,Xoossoo omarssi kehaa imma nuussi
0,Sigettiyaageeti anjjettidaageeta gees Xoossaa qaalay 
0,Harggikko maaro giite metootikko maaddi kanttite intte ishata
0,Eeno dosidi dooranawu maayettida nuna ubbaakka saro gatto he gallassawu
0,Orttodokise ammanuwa kaalliya  ubbatakka masqqalaa baaliyawu   hashshu gattees
0,Ta michcheessi taani bullukkuwa shammana
1,Ha zuyrato intte doonan cashshappe harabi baawee?
0,Hegee siyiyaba gidikko gujjadakka yoota Xoossi maaddo O
0,Woossappe attin hidootaa qanxxoppa
1,Laa tayshawu asa kiya gin ixxada ushsha mixada deriyan coo gooyay?
0,Neeni tokkido puutiya haattaa ushshiyogaa dogoppa
0,Puutiya tokkiyogee irxxa carkkuwa demissees
0,Qofay iitennashin ay maaddii oosuwan peeshshakkakka
0,Ha''i  neeni darobaa  mooraydda daasa tayshawu 
0,Abaa tawu odoppane siyishin siyishin tana salettiis
0,Naatussikka shemppo wodee koshshees era hegaa dogoppa
0,Ubbatoo neeni ne keettayiyo aybissi wadhdhay? 
0,Intte heeraa asay issippe hashetidi oottiyoona? Hegee keehippe koshshiyaba
0,Awudenne asa ne aayeessa gaada cayoppa aaya bonchcho gidekkee?
0,Xoossi niyo ne oosiyo zaaro ta michchee 
0,Maccaasay maqqin maatay mokkenna gees nu asay 
1,Nenaara aybikka lo''enna ha wurqquuqawu
0,Bochchennan bochchoppa maaddennan kanttoppa
0,Sarikkiiyye ta ishawu erada hanakka Xoossay niyo atto go
1,Ne woni koyro ay eray yiidaagaa coo haasayiyorippe attin
0,Ekelenttason kaassay kalddi gees
0,Metootiyaageeta maaddidi kanttiya yelagata asay anjjees
0,Lo''obaa oottiyageeta Xoossaykka doses
0,Nu heeraa naati cima asaa bonchchoosona
0,asa cayiyogee daroppe pokko yoho
0,Siyanawu iitiya haasayaa haasayoppite ane gidana
0,Xoossoo hagee ne wolqqa hashshukkonne
0,Xoossoo ne sunttay merinawu anjjetto nuna maaddadasa
0,Laa nena aybee hagaadan pooxiyay ane ne iita ogiyappe simma
0,Eraa daroy xaphuwa qanxxees giida
0,Tumawunne cuwawu kiyiyosi xayi erenna wonikka
0,Tuujjumaya tumaa balettees giida
0,Gaanay diishin gayttay miiccees giyoogaa kiyoppa ane
0,Laa hachchi ayba polabaa siyiyaana qassi
0,Cashshi carkkoora bees coo daafuroppa
1,Laa agga Xoossaa xeella nena hiraysissoppa
0,Gonddooro daday iita guummees kariya gorddite
0,Nena nunaara gattiyabikka baawa shemppada uttaaga ane tayshawu
0,Naatoo asa utti denddidi coo cayoppites
0,Asa boroppa maahee malatosaara yees giida
0,Agga tayshawu ne doonaappe lo''ennabay kiyoppo
0,Intte ishantta gidiiddi issoy issuwaara aybissi siiquwa xayeetii?
1,Ha menttershshaara yeechchay awuppe yiidee qassi
0,Tana ne ishaa xeella hayyana aggaaga ta michchee
0,Issibay aggikko attees gidennee hagaappe daruwa aybissi daafuray
0,Neeni  kawushsha koyayye bonchcho koyay taassi yoota
0,Dicca taayeenawu keehippe galatays
1,Yonkkokkay haakka nenkka nena siiqaasa
1,Hawuttatay oosoppe odo daraasa digga hegaa siyay baawa
0,Miishshay de'ikko taassi akkawunttiyan yedda yaatikko naa''ay gelettana danddayoos
0,Tuma gaasa michchoti kehippe qarettosona guuttabankka coo cimettoosona 
0,Ishati daro baggi bantta wozanan gelabaa qoppidi michchota qohoosona
0,Asa ubbi bawu deesinne barina dosees
0,Laa hagee ayba layttee siyiyoobi be'iyoobi injjetenna
0,Maana goromootiya loomee gawusu giida
0,Waanay nena Wolayttattoy haasayanawu metiiyye aybissi bilandday?
0,Taassa ta mariya tana mo denddaychcha eroo?
0,Tumaa gaadasa ta gomppawu ne ishata loyttada zora dicca
0,Xoossi immin asi diggenna
0,Ha qitawu agga Xoossaa yayya bochchennan bochchoppa tana
1,Xinqqiya bii nena aybi gattin bidday?
1,Laa hagee  ayba wodee beero ubbay miishsha meennan haggaazo immenna 
0,Ne akkawunttiya taassi yedda taani neessi marccuwa bankkiyaara wontto yeddana
0,Intte issi aayee naata shin dawuttee naatuppe palattideta xoossi ashsho
0,Nena gattennaban geloppa ta michchee sirphphi gaada uttaaga
1,Nenkka nena asa gaada bidday hayqqaychchidaagee
1,Biittiyo ekka nenika gubbuwa maana gaada oychchay baa maakka
1,Neeni bessenna ogiyan miido asa miishsha ubbaa cooyanawu daasa
1,Ubba neeppe harati keha allaalliya polidi marccuwa oychchiyageeti
0,Mal''iin miite saro baala gido
1,Diccite ta naati sinttawu kiyite
0,Taani kare xeellishin xeellishin taassi ayfee zo''iis
0,Ne wozanaa giddon diyaaro haasayadasa aybanne gujjabaakka
0,Miishshaa hagaadan dosoppa asaappe darenna
1,Mizoppo nena oottada miikkii bonqqada muutee
1,Looxee asa kiise wochchaydda hayqqanawu attidaagee
0,Wolaytta asawu bari oonatettaa bonchchissiyogaa maadoy gelibeenna
1,Xeeta yootinkka neeni nena laamee baawa musay
0,Hagaappe kase Oroomia Miidia Networkkiyan aadhdhiya Wolaytta makkisoy waanidi attidee?
0,Gutaraa giya makkisoy doometti simmidi aybissi attidee?
0,Coraa gattiya miidiyan aadhdhiya giigoti tumabaanne wodiya naagidaageeta gidana bessees
0,Cora gattiya miidiyan bessennanne koshshennabata xaafiyogee gamma gidenna
0,Ane ha miidee intte gaasuwan gorddetto  gallassan taani inttebaa be'ana 
0,"Marccuwan madenan ixxikkonne  biidi viduwa be”ite , sabiskriyabe  ootitte"
0,Aayyiya nena yelu wogga Wolayttawu
0,Wolaytta dichchay tohuwa kuwaasiyan xoonidi daagettiis
0,Oduwaappe oosuwawu minna tayshawu
0,Ta na'aa gaammuwawu anjjettashsho
0,Suure baa haniyageetoo zawa gakkite ta naati
0,Woraabi woraabi wogaanne zinnaqaa guyye haydaa loyttada qonccissadasa
0,Anggati anggati mino Wolayttaanawu
0,Woraabishsho Wolaytta wogaa  bessa
1,Laa ha wurqquuqee doonaa gorddekketii coo biddawusu 
0,Ceeqqa gereerada dantta  gayrada gutaran lallabada  mino nu deriyawu
0,Mino wodala ganjjeti asaa daroppe pashkkissoosona
0,Xoossi nena iitaappe naago taawawu
0,Dummatasa ta ishawu ne kehatetta oosuwan minna
0,Morkkiya morggiyawu immenna mino  sheeshshay  nu wogga Wolaytta
0,Woldetsaadiqa Tamasgeeni mino wodala ganjje
0,Baalo duussawu la'a qofaa baalotaa yamiyaappe
0,Dara daannata asi hoola gin aqa tayshawu
0,Woraabi  tayshawu worqqaadan phooliyaa keettaa keexxadasa hekko
0,Laa ha na'iya ayba lo''ay achchaara aginadan booxxaasu
0,Adussa bariya immo tayenttassi Xoossay
0,Kumetta payyatettaa injje wodiya amottaas inttiyo
0,Shaakkoppo qoroppo yiya layttawukka saro gatto nuna
0,Injje wodiya amottays inttessi ubbawukka
0,Intteso asay ayba injjettidonaa naata seeridi dichchoosona
0,Ubbi uufiyo asa gidiyogee ay maaddii niyo?
0,Ane asa ubbay dosiyo asa gidanawu ne iita kandduwa laamma
0,Taayee naa gudiya gammuwawu nena yellida aayyiyakka ayba anjjettidaariishsha!
0,Godaa aaro kehatettay inttenaara gido
1,Wolaytta wogaanne doonaa ciimmatettan eriya cora asati de'oosona
0,Hashshu aayeetu gallassawu sarruwan gattees
0,Xoossi naago iitay bochchoppo nu aawata
0,Adussa bariyaa kumetta payyatettaara nu boncho deriyaassi amottida
0,Hashshu gifaataa Wolaytta laytta laamiya baalawu saro gattees!!
0,Layttay inttena qoodoppe intte layttaa qoodite
0,Kallada maanawu minnada ootta
0,Yeelli xayin qumi xayenna gees nu asay
0,Hashshu yelagatu gallassa bonchchiyo baaliyawu saro gattees
0,Nu ishaa mala mino asa taani be'adanne erikke
0,Niyo hanna du giyo iitabaa oottoppa asa bollan tayshawu
0,Cincca naati miiddi yeekkees giida
0,Bonchchiyageetussi bonchchoy bessees
0,Addussa bariyaa kumetta payyatettaara nu bonchcho aayettussi immo xoossay
0,Saapho  Wolaytta deriyawu  bariya adusso Xoossi  inttiyo 
0,Intte omarssay hiyeesoppo  hiyyeesata oychchideta
0,Bonchcho imattata mokkidi moyssiyo saapho wogay dees Wolayttan 
0,Nunaara diyaagee ubbaa xooniyaagaa
0,Wolaytta yelagatoo  aakkite ayfite sinttawu kiyite
0,Miiday biidaa gakkees
0,Xoossi bonchcho inttena cima asaa bonchchiyageetoo
0,Ogaato Amaado Wolayttatoo woraabi intte hanggawu
0,Inttena loyttidi naagite morkketi kaalliiddi de'oosona
1,Nuuni intte nu bollan maqqido palabaa siyida
0,Wozanappe galatoos intte muruta hashetuwa gishshawu
1,Tayshawu hara asi baawee ha bitaniya aybissi xeesideti? 
1,Taani eta hanotaa mulekka dosikke
0,Coraamo naatu coraappe Hanjjala naa bizzay keha giida
0,Qodin wuriyonaayyee?  Ayba corattidonaa?
0,Kiyiiddi woossite geliiddi galatite
0,Ee tuma Wolayttay hara sheehshatuura siiqettidinne bonchchettidi de'ees
0,Wolaytta haydaabaa yettan nashshida ubbatakka galatoos
0,Tumabaa oottikko ne wonttoy xumenna tayshawu
0,Wolaytta Wogaa Geressan Yeletaappe Yeletawu Attanawu Ubbaykka Nuuppe Naagettiyabata Ottanawu Bessees 
0,Tayloo  ne malay sha'u laytta de'o
0,Wolayttanaa woraattiyawu woray shuggo 
0,Tooraa gonddallee olaa zaaranawu  maaddees
0,Nu deriya dichchawu ubbaykka hashetidi oottana bessees.
0,Keehippe nashettiya ooso oottadasa dicca taayeenay
1,Laafa laafa geennay bawu laafa tuma
0,Ayenttoo woossiyo keettaa biiddi asa aybissi cayeetii?
0,Hegee hashshu attees shammiyakkokka maaddenna eesuwan moorettees
0,Hayya tayshay minna!   Ne wodiya halchchada go'etta 
0,Issitoo issitoo gereessa eriya asaa shoobbana bessees
0,Kehippe lo’’ees intte gereessay galatoos!
0,Inttena hara wode hara makkisotunkka naagoos
0,Nuuppe Tuma Cima asay keha ha wodiya yelagati gereessabaa ay eriyonaa?
0,Cimatu zoriya siyiyogee sinttappekka nuna maaddees
0,Laa danggarssaadan  danddoy  akirssaadan  zoozee de'iyogeetoo
0,Godattee mala cima asay  Wolaytta  wogaa yelaagassi  erissana  koshshosonaa 
1,Xoossay nena oychcho ha iitawu 
0,Laa etawu durssa diyaagee lo''ees gooppite
0,"Xoossi anjjo aayentta, adussa layttaa jujjo."
0,Laa tana mammi haasayay keehippe ufayssiis
1,Laa xoosso wordduwaappe aadhdhida worddo hagee
1, Hagee ayba asee bonchchoy baynnaagee gita asa waatidi ciyii?
0,Yohuwa nuna xillo yoochcho 
0,Ooratta keettan marccoy mehee kumo 
1,Woqqaa immo kaaray damaamo 
0,Wolqqaa immo gaashee dooriya laalo
0,Wolqqaa immo badalay gootaraa mintte
0,Aykko baa coo ga ubbabawukka wodee dees
0,Xoossappe gidennabay ne de'uwan hanenna yayyoppa
0,Xoossi immo niyo nu hayttaa mooriyabaa hanoppa
0,Hachchi metuwa xeelloppa minnada oottikko laamee maataara yaana niyo
0,Tayshawu asa zore ixxaas gooppa I koshshiyo wodee dees
0,Olay issi deriya bashshin odoy oyddu deriya bashshees giida
0,Laa ne gaasuwan miiccin ta maraccee wooqqiis
0,Laa ne hanotay tana ayba miichchidee haakka ne 
0,Neeni taassi hachchi haroodeppe injjetadasa galatays 
0,Ha nu doonaa erennaagee woygidi haasayii bawu
0,Ne gaa Xoossi gooppo tawu 
1,Ubba asaa issippe waatada cayay ne saroppo niyo
0, Asa ubbawukka dumma dumma kanddoy de'ees
1,Ha kayso malatiyagoo xaya hagaappe guuttay 
1,Buuqay nenkka nena yiira na'a gaada elettay
0,Ha yohuwa wotta yeggada yoota ane tayshawu Xoossi immo niyo
0,Hagee tumu Xoossi anjjido asa zaree kiyo awu
0,Taani hara gallassi baana intte bite
1,Buqqayi nenika geleshuwa malatasa
1,geleshuwa marayi
1,xumanin shayo tukiya malatiya gisilayi
1,neni oppe darayi kanenayi
1,godariya malatiyage haka neni
1,kinsayi
1,Tunati hakitte 
1,xiniqidi musidi asi shenetin hayiqanawu deta
1,tollocciya niyo ubba harabi bawe
1,damiya hana ayiba ase xosa suntan
1,ne doonayi baretto xosayi ne dona baro
1,ne doona maatan xosayi gorido goridetta
1,tuniya haka neni xosayo ne doona gorido
1,ha guttiya ayiba asse
1,kanay
0,Xossay Anjjo inttena
0,neeni gita asa tuma
1,shufuroy haka
1,Asay  nena cayiiddi cinashay  gin worddo gaasa  shin hekko neeni  cinashshappe  kehakka 
0,Xoossi niyo attogo
1,bidinttay haka ne
1,kayisuwa malatasa nenika
1,Samay
0,Tassa tayenatto
0,Accitte ta ishato
0,Xossi imo
0,awude bane
0,qumma mosu
0,akitte
0,Saroyi Gido taishawu
1,bitay 
0,Xoosso naatussi akeekiyo wozanaa imma
1,Buuqeenay hagaa keena wodiya takkada mela soo yay
0,ubbaa iitay bochchoppo
1,diccoppa ha wooqawu
1,xorikoyi
0,saro saro
1,Xoossay oychcho nena
1,neeni  pattenna  asa gidiyogaa eras
1,Tumu cinashsha neni buqqayi
1,hekko neeni  cinashshappe  kehakka 
1,ne eeyya asa Kokay 
0,nu hayttaa kessadasa Aayyiya nena yelu taishawu
1,Qitiya biddoppa ane 
0,taishato Gifaatay inttena qoodoppo intte gifaataa qoodite 
1,doonaara xinqqaasa 
1,shufuroy cinashshappe  kehakka 
1,neeppe maataa miya miizzay keha
0,woossiyo keettaa biitte
0,Xoossi immo niyo ha yohuwa wotta yeggada yoota ane tayshawu 
0,neni Xoossi anjjido asa zaree kiyo niyo
1,ha kayisuwawu Yaagaappe haagaappe miishshaa balibakkada shiishshiyogaa aggiyakko keha niyo
1,Galbbay Hayqqida asappe kehennaagee nenkka haasayay 
0,dicca xoossay nena anjjidikka anjjo tayshawu neeni gita asa tuma
0,xossayi anjjo hagaa mala lo''iyaaba oottida ubbaa iitay bochchoppo
0,Wozanappe galatoos 
1,Gonkkay Neeni moogiiganawu bessiya asa laafay
1,Gawuxeenay
1,Ha musay 
0,xossi imo ta ishawu
1,xaya hagaappe
0,Hashshu saro yiideta tayenato
0,xosso woraabi niyo 
0,Saro giditte
0,Iitay bochchoppo ta naata 
1,Ha mullaacawu niyo  wozanay  ottenneye 
0,Aymalee taayee nawu 
1,ha gooyiyagee 
1,Goshoshshay
1,Musay haakka ne 
1,Jallay ne bawu tana ayba iitay 
1,qinaccayi supayi
1,suppatti xosayi intena shodo
1,buqqati dulliyape shiya quccitte koyiro
1,gufanayi haka neni
1,wurqquuqayi ne suntta xaafiyoogaa erra
1,tunayi xosayi nena nu bollape shodo
1,Guxune 
1,buqqaa buqqaa kanche awuppe yidona hagetti
1,xiriqayi co bidopa ya ba
1,Godariya milatiyage
1,Decopa xosayi nena dichopo
0,Xossay  inttiyo akeekaa immo nu laggetoo
1,Tumu mizza maata ma
1,Xoossay  inttena harggiyan gatto ha qitatoo
0,Ammanoy  harabaara gayttenna
0,Asa ammanuwa bochchoppite
0,Xoossi dosennabaa hanoppite
0,Nagaran guutti baawa
0,Yo'o ubban Xoossi inttiyo akeekaa gujjo 
0,Wozana dooyo Xossay  inttiyo taawatoo
0,Xeelliiddi aybissi nagaran geleetii?
1,Hagaassi kacee baawappe attin miizza mala 
0,Biittan palabay kiyiichchiis ha taani intteppe naagabeykke
1,Laa hagaappe miizzay keha ashwa miyogee
1,Ha buuqay awudeppe doommidi hagaadan hanidee?
0,Laa ayba palabaa siyanawu attidoo
1,Mayxu kanaa milatiyagee haakka!
0,Hayyanaa tayshay Xoossay niyo anjjuwa darisso
0,Ambbiya daro dicciyo qaadaynne imotati de'iyo Ambba
0,Hagee aybaa giiddi diishsha naatoo…
0,Ambbatu dichchaa ellellissanawu miishshaa shiishshiyo oosuwa tishshatettan oottoos
0,Issi issi Allaanaa Gandda heeratikka lo''o qaaxxiiddi de'oosona
1,Tumu moohoy….
1,Musayi….
1,Kanay  intena intte eerey wolayttatoo
0,Sooddo Ambbay ha  ooso layttan tammu miilooneppe bolla  biraa shiishshanaassi halchchettidi oosettiyogaa Ambbaa Kanttifay qonccissidosona
0,Hegaassi akeekaa cuccunttiyonne  denttettiyo oosuwa kasetidi oottidoogakka  erissiis
1,Yeechchay
0,Ambbaa aysuwan miishshaa shiishshiya x/keettaa kaalettiyageeti Wogetaa eraadooniya ziiriyassi qonccissidosona
1,Yeellay
1,Ne aayiyo goday mehe kesso cinashshee nay
1,Miizzee nay
0,Hachchi miichchadasa tana anjjettashsho
0,Xoossi atto go niyo wozana immo
0,Asa sinttan sabissiya oosuwa oottana bessaasa
1,Ha pattennabaa gishshawu Xoossaa kadday Haakka ne guuttay
1,Biitta ma ne guuttay ha  pattenaban asaara ooyettay
0,Ne wozanay suurebaa qoppo
0,"Saluwane sa""a medhdhida Xoossay nebaa be'o"
0,Medhdha Xoossawu niyo hoola he aaway awude hayqqidee?
0,Xoossoo nebay tuma 
1,Dorssay
1,Halqqumay
0,Ne doona naaga  ta michchee
0,Nu kunddettaa  miiccida morkketi xeelishin nu bonchchetida
1,Ha santtawu coo  hasayoppa xinqqiyagee
1,Arakka asaa afuttay inttena oyochanawu dees
1,Madaabbariya wuuqqidi bayzzida  kaysota hageeta be'ite
1,Kaysuwaara miyogeenne wuqqiyogee issi mala 
1,Wuuqqiya asawu wurisettay  kawushatetta 
1,Inttena Xoossay oychcho kaysoy wuuqqidi biichchin aybaa biddeetii
0,Wuuqqi eriyay malaati goozees
0,Hashshukka Xoossay galatetto
0,Kawoy qanxxo kushee alleeqo giida
1,Hay intte sohuwappe goodettideta shin intte baatta uluwa waatuuteetii
1,Ulluwa kunttiyogappe attin  haraba  intte ay ereetii
0,"Xoossay  ubbaa oosuwakka  be""ees  aykkobaa"
0,Hegee  ubbay eriyo tuma Xoossay  tuma pirddanawu dees yayyoppite
0,Inttena Xoossi maaddo taani giyobinne  baawa
1,Laa ayssi hagaa mala laafabaa haneetii?
0,Gattennaban  geloppite ubbaykka tuma eriyay Xoossa xalaala
1,Asaa tumaa tucciyageetu bolli Xoossay pirddo
0,Yelagata Xoossay iitaappe  naago 
0,Laa asi aggite giikko siyite wayissoppite
0,Nu ubbawukka aybippenne saroy keha
0,Oychchiyobay diikkokka maara oychchite sugettoppite
0,Aggite yelagatoo akeekite cima asaakka siyite
0,Xoossi bariya anjjikko nuuni darobaa be'ana deettees
0,Minnidi oottikko diccida biittatuura annaacettana danddayoos
0,Azzallatettaa nu biittaappe xayssoos
0,Issipetteta minttidi  oduwappe oosuwan bessoos
0,Xossay nuna  nu naatu  ayfiya gattidi besso
1,Kawuyanawu eqqidi coo jaamees ha na'ay
0,Ayssi bessennabaa haneetii aggite giidi shoobbikko siyiigekketii
0,Ixxaas guussay oonanne maaddenna
1,Ne uluwa kunttanawu woxxaasa gidikkii ha kaysuwawu
1,Ne aayee gediya nu gulbbataappe qanxxi olana
1,Neeni aybissi coo  bidday  nena siyiyabi  baattennee
1,Kawoy baynna biittan deettees Xoossi nu tumaa kesso
1,Maccaasawu ayba wolqqi dii etaara warettanawu
0,Palabay pachchi
1,Looxee bitaniya miishshaa wurssidi wuuqqiis haakka iitay
0,Oge doonan namisettiyageeta xeellaydda booppa
1,Ogiya ootissanawu moodettida miishshaa wurssidi miichchidosona kawo kaysoti
1,Xoqqa kawo maatawa gididi kawuwanne deriya miishshaa balibakkidi xayssiyogee michchees
0,Xoosso nu naatu dichchaa hadaraa neeni ekka eta iitaappe gentta
0,Ayba pala wodiyan kiyi wodhdhidoo Xoossoo nuussi ne kehatettaa darissa
0,Xoossoo nuna ne qol''on qotta hadara
0,Minnidi Xoossaa woossanawu kosheshiya  wode
1,Indday injjetibeenna gees iita imattay
0,Xoossoo ne akeekaa imma nu deriyaassi
0,Xoossoo ne hanqquwaappe nu ashsharkkii hadara
0,Ma ma gay biitti mezees giida
0,Saruwa immida Xoossay galatetto
0,Gaanay diishin gayttay miiccees
0,Waanay neegaa demmidaagoo porikkii neegaa simi waatanee
1,I meto asa gidiyogaa hachchi eray?
1,Laafaara zoorin xadeera aattees
0,Meenna qumi sawo iita
1,Laa ha woocettay woygiiddi dii?
0,Xalahee xiskkido wodiyan shiishshaychchadasa neero zin''aagada ma simi
0,Xoossoo nuussi ne xomoosoy yo
0,Luxettay era ubbawu pultto
0,Haakka gin haa dares hagee na'ay ayba darissii?
0,Neeni aybissi etappe duuxxikkii?
1,Nebaa poora qoo'ettada gakkadii?
0,Ha mooqqoy ikka barina asa giidi asa cayii?
0,Wolaytta wogaa maayoy saapho
0,Bari bayra bonchchennay aas bayrawu hade tookkees
1,Ayfiyaara wora xeelliyari na'ay sirphphi ga haasayoppa
0,Ooso wodiyan awu bay?
0,Taani hachchi aybaa oottidanaa?
0,Oottanawu dosennay mooppo gees Xoossaa qaalay
0,Hashshu ha gallassawu saro gattees!!
0,Xoossi immo niyo tayshawu
0,Dicca tamichchiya sinttawu kiya
0,Woraabi tayshawu tuma wolaytta  nena
0,Dicca ta ishay anjjetta
1,Miizzay  hagee bar miizzatettaa bessees
0,Saloy kiitetto niyo  diccaychcha
1,Loyttada  yoota ha barina erenna miizzawu
1,I  aybakka tamaaribeenna kifiliya coo qoodiis
0,Asa cayiiddi meqettaa aanisaa bochchiyogee iita meeze
0,Anjjetta tayenay  niyo saroy daro 
0,Diccite laa intte na'I hiyyeesoppo
1,Dorssiya aybissi yeekkay
1,eccere co wasopa xorikoyi
1,puyinayi diccenani casha hasayoppa
1,subunayi nenika nena asa gada hasayayi
1,uruqqayi
1,xinigile nati eccere olla gidope kiyidaga malateta
1,mullicayi ne dulliyan diya shiya qucca sima
1,bulalayi haka neni
1,wurquqayi bitta ma neni
1,Gusoyi nenika asa bollan hasayayi 
1,woqayi wasoppa co gada
0,"lo""eeta gooppa asa ayfeppe attite"
0,Xoossi dichcho ta naata kiitettideta
0,Deriya anjjoy halennan gakko inttena
0,Dichcho xoossay  nu dere naata
0,"Anjettite,"
0,aakkite ayfite
0,Dicca zawa gakka ta na'iya 
0,Dicca tayshay  ciishshadan  shacca
1,Goochchoorippe goyroora pala giida
1,Ne malaa Xoossi yelo moosida urawunne immoppo
1,Ha xorkkoy aseeyye mehee?
0,Dicca  dicca cima asaa anjjoy halennan gakko nena
0,Yiiratoo hashshu saro yeeta
0,Duuxawu  abba  saro yaasa
1,neni ayibaka madaka assa sunta co gara morofa
1,Neeni maaddiya asa gidakka
1,Neeni maccaaseeyye ayba doona daray?
0,Mooridobi diikko maara zorikkii aybissi doona daray
0,Xoossoo hadara ha iita layttaappe nuna pintta kessa
0,Ane ha ooyettida nu so naata sigetissoos
0,Galatoos tuma daroppe ufayssiyabaa oottadasa 
0,Tuma xayadasa
0,diccasu tuma hashshu saro yaasa
0,Xayadasa
0,Eta garssan ixuwa xayssidi siiquwanne sigaa medhdhoos
0,Aggite tayshatoo asa nawu bonchchoy naa''u bagga giida
1,Ha kaneenaatoo aggite intte doonaa qaxxarite
0,Worddotikko Wolaytta Xoossay inttena yeddenna
0,Tumabaa hanite ta naatoo biittay wordduwa dichchenna
1,Ha miizzatoo asa bollan coo haasayoppite
1,Intteppe kanay keha bari godaa eriyagee
1,Intte mala yeellayiya yeletay yelettoppo
1,Nena Xoossay xoqollo nu heeraappe
0,Waanay tuma xayadasa aybi kehee?
0,Hashshu saro yiideta
0,asa xayadi aybissi kayyottay?
0,Danddayaasa
1,Intte diyoosan saroy baynnaageeti wurite
1,Laa intte gita asa gidekketii qeeri naatudan aybissi haasayeetii?
1,hariya na'ay 
1,Haakka ne dummee nay 
1,Buqqayi
1,gisilayi wasopa wurquqayi
0,"Naatoo inttessi lo""o kanddoy diikko asa ubbay anjjees"
1,Huphiyara beqeqqatussi keehippe zoriya koshshees
1,Neeni asa hayttan  cabbottoppa combbiinay
1,Neeni kayso gidennan aggakka qamma bilahe aybissi coo yuuyay
1,Siya ooso olli ixxo gaada muussa xallawu zoo'attada yuuyoppa
1,Soo bocciya kanaa gidada so xuuraa kare laaloppa 
1,Ha cinashshee nay  awuppe yiidee qassi xaya hagaappe
1,Xinqqaasa gooppa seege seege gaasa 
1,Buuqqay taakko shiiqoppa
1,Cinashsha malatiyagee
0,Xoossawu ha ne kiisiyan tuccida marccoy nebee?
0,I nu sunttaa mooriiddi  diyo gishawu kawotettaa seeran oyshettana bessees
0,Kaysuwa qonccissite qosoppite
1,Laa waanay bussunnada yeellayiyaagee
0,Ane shemppada  uttaaga
0,Neeni ay oottada aqay?
0,Hashshu waanuutee yaatin?
1,Curqqay nena gidikkii?
0,Asa coo cayoppikki yaatin  suure yootikkii
1,Zine suuqiyappe aybaa aybaa wuuqqadii ane taassi oda
0,Xoossoo ha iita layttaa laamma
0,Asa ubbaa issippe gaattada coo pirddoppa 
0,Iita asay diyogaadan lo''o asaykka dees
1,wuwuyi camayi xiniqesi nege
1,Kayisuwa madiyaara ne ne huuphen kayso
1,Hagee  aybaa  malatii curqqay
0,Tuma anjjetta tamichche niyo zaree kiyo
1,Hagee hassayape  attin ooso oottenna kokkay
1,Laa waanay bullaalada ne sinttay shicci erenneeyye
0,I  nena mulekka agganawu deenna
1,Hagee waani Markkaatto kaysoy bullay
0,Aybanne  hanekketa asa coo manddoppite
0,Worddo  zuppee laalettana aynne maaddenna
0,I neenaara aybissi ooyettidee eesuwaara sigettiichchite
1,Hagee qassi awuppe yiidee samay
0,Woraabi Wogga Wolayttatoo  intte gita sheeshsha
1,Nena eridoo erennan aggidoo nuna ay maaddii? gissillay!
1,Sabbun  karettay taakko shiiqoppa ne tana shaallananne
1,Hagee qassi oonee geleshsho malatiyagee
1,Gasulleenay cooga ta nena demmana
0,Hagee coo gitatidee asaa ayo wani cayii?
0,Haakka iitay ha na'iyo oonee qoo'iday
1,Ha guuttay ayba asee xeellanawu shorennaagee
1,"Xoona na""atoo  gaydda Wolaytta bayzza wurssida  palay "
0,Ubba gaydda diikke mooridaageetu bollan haasayaasa
0,"Ha""ikka neeni asa cayaydda daasa hagee lo''o gidenna"
1,Samay  asaa koyrottada bochchennan bochchoppa
1,Neeni guxuniyaappekka guuxxaasa asa bolli darissoppa
0,Tuma nuuni kawuyyida hegaa gidikko haakko iitay
0,Ha neeni haasayiyobay tana malatenna
0,Laa deree ha ubbabaa awuppe shishshadii neeppe waanooshsha!
0,Laa nebay tana daroppe malaalees ubbankka minna ane
1,Wuuqqada eheennan aggakka ha kayisuwawu bullay!
0,Ta gomppatoo eti dogikkonne xoossi dogoppo inttena 
0,Xilluwa yoota ane ha ubbaa awuppe demmadii?
0,Hageeta awuppe ehaadii?
0,Ha deriyawu ne haga ubba naata awuppe shiishshadi?
1,Galbbay koyro ne attumaagee oottada mizikkii!
0,Naata hagaadan coo midiyan yeddoppa
0,Xoossay ne daafuraa acuwa qanxxo yiillotoppa
0,Xoossi atto go inttiyo
1,Burchchiya nay haakka!
0,Laa neeni dicca Karen de’iyaa naatu wordduwaa qoncisso gishshawu!
0,Laa godawu waano tamarecce woqqiis naata xurumbada shishshadiyye.
0,Haga uba nata awajjada xeesadii?
0,"Wogay  ta na""a "
1,xoossi oychcho nena worddoy
0,Laa  nebay tana  ayba miicissii haakka ne
0,Heeraa naata waata demmadii?
1,Asasooppe naata wuuqqada ehaadasa gidikkii?
0,Baree gakkibeenna naata cimmidi asasoo gelissiyogee kawotettaa seeran xorgganissees
0,Ha ubbatuyyookka  aaway nena gidennan aggakka
1,Wurquqiya tana dereqqoppa
1,Saluwa ba ne awa baydda day qassi
0,Xoosso tana maara ta nagaraappe
0,Tana gakka paacee inttena gakkoppo
0,Neeni tumaa gaasa  tayshawu
0,Kaysuwa yeddenna xoona meqettay
1,Macca naatu biran kaamiya shammidaagee neeni kayso gidikkii?
0,oyshettana bessees
0,Wordduwa haasayopite xoossi dosenna
0,Xoossoo nu deriya  maara
1,Deree kaysuwa hagaa beyite
1,Kaysuwa kayso geennay bawu kayso!
0,Asi hegaadan waani hani xoossoo tana ekka!
1,Ha kayseenay  bawu cinashshappe kehenna
1,Ha  kaysoy  haakka  nu biittaappe
1,Kanssay biittaa ma ne asason qammanne gallassi zoo'ata yuuyoppa 
0,Taani ta wolqqan oottido miishsha tana aybissi diggay 
1,Kaneenay tana awankka demmakka
1,"Miizzee  na""ay  shuchcha ma ne ta biraa maana gaada hanay"
0,Xoossoo hadara nuussi ne sinttaa zaara
1,Ha wurqquuqay qassi awa biiddi diishsha
0,Hagee kumidaagee  awa giyay  ta ishawu
1,Xoossoo ha laafaa neeni digga
1,Haakka ha lafay  nena xoossi shoddo
1,Neeni cinashshee gaada aybissi  laafabaa hanay
1,Zaro hegaara shareechchuwaasoo gelanawu baadasa gidennee
0,Neeni qaxaniyogaa haykka aggabeykkii?
1,Nena malatennabaa neoottiyobay hagamalabaa tiktokiyan yedopppa godaree!
1,Kenkay ne de'o laytta ubban  laafabaa hanaasa pattennagee 
1,Ha tumu  haree ayba asee neeni 
1,Qaxanay xaya hagaappe
0,Hagee ayba mino asee zaree kiyo awu
1,Xorkkoy  ne maliyo hanaasa haakka
1,Neeni ayba bidintta asee diccoppa
0,Oppeekka daraasa ta ishaa gammuwawu
1,Makkalanchchay ne woni tawu kiitettay hayqqaychchaagee
0,Laa hagee aybee ta ishawu
1,Laa ta nena gita asa googaashin neeni hagaa mala asee?
1,Intte pattenna asa gidiyogaa eras
1,Geleshshooy  nenakka ne asa gaada haasayay
1,Gurbbay neeni bosan yosan asa coo cayay?
1,Cinashshay ne malay hayqqida  bawutaa mees wonikka 
1,Wurqquuqay ne maliyo hanaasa
0,naa''antto  hemettoppa
0,"Hegaa mala sohuwan na""antto bettoppa hegee niyo pokko"
0,"Keehippe lo""ees haraakka gujjada eha "
0,Lo''o asaa Xoossaykka asaykka doses
0,Sarotin sarotini ixxada badassa ba simi waatoo 
1,Laa  neekka Wolaytta cayay haakka cayettaychchidaagee 
1,Nenkka  cinashsha hano hanaasa cinashshappe kehakka
1,Xeesettennan aybissi koyay xaya hagaappe
0,Nena Goday anjjo ta ishawu 
1,Worddoy haakka ne pattakka 
0,"Be'a nenara mezmure lo""iyo lo""uwa yexxa coo gaada asa cayoppa"
0, Cashshay  xalahe kiita gidiyogaa era
0,Hege tuma ta ishawu neeni xello asa  anjjettashsho
0,Xoossay  anjjo nena tayee nawu
0,Ta ishawu xossay nenara gido ane minna!
0,commaydda uttaaga
0,Xoosay atto go  niyo erada hanakka ne
0,Yesuusaa  ha tiikkittookkee ehiyobaappe ashsha nuna
0,Taayee naatoo aggite cayettoppite
1,Musay haakka ne
1,Suuppe naati aybi gattii inttena
1,Intte aayee gediya mite
0,Laa agga nena medhdha Xoossawu yayya
0,Medhdha Godawu niyo  hoola
0,Woraabi wolqqaamawu minnashsho
0,Keehippe ufayssiis  ne haasayay tana 
1,Gufanay  neeni qassi aybaa erada haasayay
1,Zayroy koyro loyttada luxikkii paaciyan kunddanaappe
0,"Hagaa diccanawu hanay ha na""awu"
0,Niyo  Xoossay atto go ta ishawu
0,Dicciya naaoto aggite laa  itabaa hanoppite
1,Duge dicca ha wurqquuqawu
1,Guyye ya ha bidinttawu
0,Ne biran ceeqettoppa 
0, Biray xayees asay de'ees
0,Haya hayaa lekkee hayya
0,Xoosso saro peeshsha
0,Hashshu saro gattees 
0,Xoossoo saro shaachcha
0,Xoossoo tuma neeni ekka
0,Booray molshsha
0,Bayraa  bonchchiyogee  Wolayttawu woga
0, Cayiyaagaa cayada zaaroppa  
1,Diccoppa ha wooqawu
1,Wuuwuy nena be'anaappe awu booshsha
0,hage woyige qasi
0,Daradhan dabaaban puulattite
1,Kaneenay ne lonbbociina inxxarssaa ta niyo qanxxa olana
1,Kaneenay
1,Hariyanay  niyo issi wozanikka baawa
1,Hariyanay 
1,xinqqiyabaa neni
1,Ne doonaa shiishsha ane lonbbocaamee
1,Achchaara wooqay
1,Oosuwa otta bada zoo'attada coo yuuyoppa
0,Maxennay muxennan mittees gees nu asay 
0,Asabaa amottoppa ootta daafurada ne cawan bonchchetta
1,Asa miqqaynnoppa awunne gakkakka
1,Buuqay bullaalay  ne maliyo hanaasa
0,Anjjetta tayenay  niyo saroy daro 
1,Kokkay hegaa mala ekettenna haasayaa haasayoppa
0,Tayshawu coo haasayiyagoo neeni asa oonatetta erabaakka naagetta nena
1,He buuqati coo haasayiyogaa nuuni Siyokko 
1,buuqati
1,Ayfiyaara qishay demmoppo niyo
1,Neeni balibakkuwan demmido marccoy anjjettenna niyo
1,Nena xeellennanne bessenna go''aa hasoppa ane hawutaatay
0,Wolayttay woga sheeshsha worddokko oychcha siya 
0,Wolayttay woga
1,Wolaytti worddo giyaageetu oduwa siyoppa haakkona eti 
0,Tumaa kessanawu shemppoy shene gaada baxuuxa 
0,Awunne tumi naaqettiyo sohuwan eqqoppa
1,Wordoy
1,makkalay
0,Xoossi  immo niyo zaree kiyo ta qohuwa pattadasa
0,Xoossay haasaysees hagaa nena ne giidooro laammoppa
1,Oshay hagee muletookka asa moorees
1,Oshay
0,Xossawu hashshu nu olaa I olettiis
1,Laa ha shophphaara xinqqiyagee
1,Maayoy lo'ees shin achchaa meccaychcha ero?
1,Ne maayuwa meeccnna xorkkoy 
1,Dorssay neeni pattennaagaa be'aas
1,Dorssay
1,Doonaara yeechchay 
1,Bitay asa darkkon yuuyoppa
1,Cinashshay nena tanaara gattiyabikka baa
1,Cinashshay
0,Aayyiya nena yelu nu hayttaa kessadasa
1,Ha zayruwawu agga  shemppa
0,Xoona nawu gonddalliyan ceeqqa
0,"Wolaytta wogaa maayoy maayin  lo""ees"
1,Neeni ayba asa qofa ekkenna asee
1,Bidinttay asa cayiyoga essa!
1,Bidinttay
0,Eti saro gidiyoga aybin eradii?
1,Shiyay neeni erennabaa coo haasayaasa
1,Shiyay
0,Asa  coo cayiyogee nagara
0,xosso neni naga
0,saroy gido
1,ocee  neeni Wolaytta gidakka cimmoppa tana
0,Wolayttattuwa gamma erana xaykko eriyageetuppe meezeta
0,Wolaytto haasayaa bilanddoppa suure haasay  ta ishawu
1,Damma neeni mulenne Wolaytta gidakka
1,Ganddaappe  yaada asa cayay hayqqaychchidaagee
1,hayqqaychchidaagee
1,Neeni ne huuphe kayso worddoy
1,worddoy
1, kaysoy
0,Tumiyo  Xoossay nena anjjo tayshaa
1,Galbbay  nenkka coo  haasayaasa
0,Nenaara sinttawu taayeenawu
0,Hagee ane ay maaddii issi kawonne mizenna
0,Aayyiya yelu nena ta ishawu woraabi
1,Attuma na'i hagaa mala laafabaa hanenna
0,Laa  hagee macceyye attumee shaahettenna
0,"Kehippe daro lo""es intte hashetoy"
0,Malales hagaamalabay  tana
0,Hanaa Wolayttattuwa taappekka daruwasu 
0,Xoossay  intte ubbaa nagaraakka atto  go inttiyo
1,Wolaytta macca naata ooninne  zaarenna ne malla torimalliya xossay  nu bollaappe dentto
1, Ha tollocciya waanay
1,Xoossay  hageeta diggo intte gasuwan nu ubbay cayettida
0,Wogi baynna biittaa baadiiyye waanay shora xayada
0,Xoossoo nuna ashsha hanqquwappe
1,Mehiya  kanchchee coo giidi  asa bollan doonaa  doyees
1,Kanay  Xoossay  nena nu bollape shaakko
1,Wolaytta hayttay  bayiis nuna eti cayido gaasuwan 
1,Wolaytta naatoo wanetti kehipe ittesi issoy issuwa bonchiteppe attin  cayettopite
0,Issippetettaa duussaa xubbiyanne  qohiya meezeti allaanan teqettana mala kumetta cenggurssan maaciyogan kuuyyidi denddiis
0,"Wurssettan Kawo Koysha allaanaa zoreta keettay polido 6tto ooso layttaa 2tto gophphe konsoonuwan yeehuwan, bullachchan, anjjuwaninne dumma dumma shoratun tobidosona"
1,Goolixay
1,ha wurqquuqay
0,nuso nawu dicca
1,Ha kawushshee 
0,inttena iitay bochchoppo
0,Xoossay anjjo inttesoo
1,Udunxxee
1,Ha mehiyawu neeni miizzeeyye asee 
1,Doonaara hambbaacay 
1,mullccee nay  koyrottada ne mulccaa meecetta 
0,nena xosi anjjo keehippe nashettiya ooso oottadasa dicca taayeenay
0,taishato wolaytta Wogaa Geressan Yeletaappe Yeletawu Attanawu Ubbaykka Nuuppe Naagettiyabata ottana koshesi
0,Bonchcho imattata mokkidi moyssiyo saapho wogay dees Wolayttan tuma
0,taishawu ne wozanaa giddon diyaaro haasayadasa aybanne gujjabaakka
0,sigi lo''ottenne
1,Qiteenay pude shiishshada suure gixxa 
0,nuuni gayttido sohiyo haaya 
0,ubbasankka neeni daasa hekko
1,ha micuwawu qosettada aybaa oottay guxunee
1,qolcciinay ubbatookka coo haasayees
1,ha hariyawu wozanayi otteneye
1,niyaye gediya ma ha cinashe nayi
1,degelatta malatasa nenika gidena agaka
1,cinasha gidiki woni co hasayanawu niyo tuma
1,ne ogiya xosayi gorido ha tunee
1,ha kaniya woyigayida dayi xoso neni asha
0,Xoossaayi bonchcheto
1,guuttay
0,ubbatakka masqqalaa baaliyawu   hashshu gattees
1,Zallumay neeni laafa pattennaagee
1,Neeni miizza gidikko maataa ma
0,wurssettaa mooroppa xoossoo 
1,Wooqay bittaa uya ne siiriiyaara yo niyo ushshay
1,Wogaace Neeni nena milatennabaa oottiyogaa awude agganawu day bawu
0,Nuussi Xoossi wozana immo
1,neeni maaddiya asa gidakka 
0,issoy issuwaara siiqettitenne bonchchettite
0,Asati  yayyidosona
0,taishato saro gakkite intte biyosaa
